species,CLocus891[SSXF01000001_12161396+]33.02,CLocus891[SSXF01000001_12161396+]33.01,CLocus1294[SSXF01000001_17488474-]48.03,CLocus1294[SSXF01000001_17488474-]48.02,CLocus4142[SSXF01000011_8068408-]68.02,CLocus4142[SSXF01000011_8068408-]68.04,CLocus4142[SSXF01000011_8068408-]119.02,CLocus4142[SSXF01000011_8068408-]119.04,CLocus6128[SSXF01000012_13725077+]78.01,CLocus6128[SSXF01000012_13725077+]78.03,CLocus6128[SSXF01000012_13725077+]81.01,CLocus6128[SSXF01000012_13725077+]81.03,CLocus6529[SSXF01000012_19388834-]85.02,CLocus6529[SSXF01000012_19388834-]85.01,CLocus6529[SSXF01000012_19388834-]96.02,CLocus6529[SSXF01000012_19388834-]96.04,CLocus6681[SSXF01000012_21907178-]74.01,CLocus6681[SSXF01000012_21907178-]74.03,CLocus6681[SSXF01000012_21907178-]117.03,CLocus6681[SSXF01000012_21907178-]117.04,CLocus6681[SSXF01000012_21907178-]118.03,CLocus6681[SSXF01000012_21907178-]118.01,CLocus6741[SSXF01000012_22843549-]37.03,CLocus6741[SSXF01000012_22843549-]37.02,CLocus6741[SSXF01000012_22843549-]43.03,CLocus6741[SSXF01000012_22843549-]43.04,CLocus6741[SSXF01000012_22843549-]95.03,CLocus6741[SSXF01000012_22843549-]95.04,CLocus6741[SSXF01000012_22843549-]100.02,CLocus6741[SSXF01000012_22843549-]100.04,CLocus8583[SSXF01000013_16340128+]28.03,CLocus8583[SSXF01000013_16340128+]28.02,CLocus8583[SSXF01000013_16340128+]29.04,CLocus8583[SSXF01000013_16340128+]29.02,CLocus8583[SSXF01000013_16340128+]87.02,CLocus8583[SSXF01000013_16340128+]87.04,CLocus9134[SSXF01000013_22594142-]49.03,CLocus9134[SSXF01000013_22594142-]49.02,CLocus11423[SSXF01000015_22798246+]101.03,CLocus11423[SSXF01000015_22798246+]101.02,CLocus12416[SSXF01000016_12718380-]64.01,CLocus12416[SSXF01000016_12718380-]64.03,CLocus13686[SSXF01000017_924736-]93.04,CLocus13686[SSXF01000017_924736-]93.02,CLocus13686[SSXF01000017_924736-]116.03,CLocus13686[SSXF01000017_924736-]116.01,CLocus14385[SSXF01000017_8719542-]97.03,CLocus14385[SSXF01000017_8719542-]97.01,CLocus14401[SSXF01000017_8900516-]74.03,CLocus14401[SSXF01000017_8900516-]74.01,CLocus14401[SSXF01000017_8900516-]83.02,CLocus14401[SSXF01000017_8900516-]83.03,CLocus17830[SSXF01000018_26200119-]54.03,CLocus17830[SSXF01000018_26200119-]54.01,CLocus18214[SSXF01000019_2696159-]46.03,CLocus18214[SSXF01000019_2696159-]46.04,CLocus18214[SSXF01000019_2696159-]56.03,CLocus18214[SSXF01000019_2696159-]56.01,CLocus18998[SSXF01000019_12858301+]60.03,CLocus18998[SSXF01000019_12858301+]60.01,CLocus27130[SSXF01000022_5565936+]69.02,CLocus27130[SSXF01000022_5565936+]69.01,CLocus27899[SSXF01000022_16234657+]29.02,CLocus27899[SSXF01000022_16234657+]29.04,CLocus27899[SSXF01000022_16234657+]95.01,CLocus27899[SSXF01000022_16234657+]95.04,CLocus30422[SSXF01000023_25877129-]44.02,CLocus30422[SSXF01000023_25877129-]44.04,CLocus30472[SSXF01000023_26245782+]77.03,CLocus30472[SSXF01000023_26245782+]77.04,CLocus30472[SSXF01000023_26245782+]79.04,CLocus30472[SSXF01000023_26245782+]79.03,CLocus30472[SSXF01000023_26245782+]120.02,CLocus30472[SSXF01000023_26245782+]120.04,CLocus30815[SSXF01000024_1844630-]106.03,CLocus30815[SSXF01000024_1844630-]106.04,CLocus30882[SSXF01000024_2510113+]91.04,CLocus30882[SSXF01000024_2510113+]91.02,CLocus32247[SSXF01000024_19666509-]76.02,CLocus32247[SSXF01000024_19666509-]76.04,CLocus33592[SSXF01000025_13741406-]95.03,CLocus33592[SSXF01000025_13741406-]95.01,CLocus33592[SSXF01000025_13741406-]119.03,CLocus33592[SSXF01000025_13741406-]119.01,CLocus36034[SSXF01000004_14764692+]66.04,CLocus36034[SSXF01000004_14764692+]66.02,CLocus40037[SSXF01000006_23761291+]52.03,CLocus40037[SSXF01000006_23761291+]52.01,CLocus40037[SSXF01000006_23761291+]100.03,CLocus40037[SSXF01000006_23761291+]100.04,CLocus40310[SSXF01000007_1706917-]69.02,CLocus40310[SSXF01000007_1706917-]69.04,CLocus41961[SSXF01000008_7021274-]86.03,CLocus41961[SSXF01000008_7021274-]86.01,CLocus42534[SSXF01000008_14874055+]30.02,CLocus42534[SSXF01000008_14874055+]30.04,CLocus42534[SSXF01000008_14874055+]63.02,CLocus42534[SSXF01000008_14874055+]63.04,CLocus42534[SSXF01000008_14874055+]97.04,CLocus42534[SSXF01000008_14874055+]97.01,CLocus43197[SSXF01000008_22221032+]35.04,CLocus43197[SSXF01000008_22221032+]35.02,CLocus43197[SSXF01000008_22221032+]71.01,CLocus43197[SSXF01000008_22221032+]71.03,CLocus43371[SSXF01000009_571278-]70.03,CLocus43371[SSXF01000009_571278-]70.01,CLocus44167[SSXF01000009_11812746+]68.04,CLocus44167[SSXF01000009_11812746+]68.02,CLocus44167[SSXF01000009_11812746+]76.03,CLocus44167[SSXF01000009_11812746+]76.01,CLocus44167[SSXF01000009_11812746+]113.01,CLocus44167[SSXF01000009_11812746+]113.03,CLocus45268[SSXF01000009_25648861+]59.01,CLocus45268[SSXF01000009_25648861+]59.03,CLocus45268[SSXF01000009_25648861+]94.04,CLocus45268[SSXF01000009_25648861+]94.02,CLocus46335[SSXF01000010_8775221+]40.03,CLocus46335[SSXF01000010_8775221+]40.04,CLocus47269[SSXF01000010_22012067-]32.01,CLocus47269[SSXF01000010_22012067-]32.04,CLocus47269[SSXF01000010_22012067-]41.04,CLocus47269[SSXF01000010_22012067-]41.02,CLocus47269[SSXF01000010_22012067-]90.04,CLocus47269[SSXF01000010_22012067-]90.02
Striped bass,2,0,NA,NA,2,0,2,0,2,0,1,1,2,0,2,0,NA,NA,NA,NA,NA,NA,2,0,NA,NA,2,0,2,0,0,2,0,2,2,0,0,2,NA,NA,2,0,NA,NA,NA,NA,2,0,2,0,2,0,1,1,2,0,2,0,2,0,0,2,0,2,0,2,0,2,2,0,2,0,2,0,1,1,0,2,2,0,2,0,0,2,NA,NA,NA,NA,NA,NA,2,0,2,0,2,0,NA,NA,2,0,2,0,2,0,2,0,0,2,2,0,0,2,2,0,2,0,2,0,2,0,0,2,0,2
Striped bass,2,0,2,0,2,0,2,0,2,0,2,0,2,0,2,0,2,0,2,0,2,0,2,0,2,0,2,0,1,1,0,2,0,2,2,0,0,2,2,0,2,0,2,0,2,0,NA,NA,2,0,2,0,2,0,2,0,2,0,2,0,0,2,0,2,0,2,0,2,2,0,2,0,2,0,NA,NA,0,2,2,0,2,0,0,2,2,0,2,0,2,0,2,0,2,0,NA,NA,NA,NA,2,0,2,0,2,0,2,0,0,2,2,0,0,2,2,0,2,0,NA,NA,2,0,0,2,0,2
Striped bass,2,0,2,0,2,0,2,0,2,0,2,0,2,0,2,0,NA,NA,NA,NA,NA,NA,2,0,2,0,2,0,2,0,0,2,0,2,2,0,0,2,2,0,2,0,2,0,2,0,2,0,2,0,2,0,2,0,2,0,2,0,2,0,0,2,0,2,0,2,0,2,2,0,2,0,2,0,NA,NA,0,2,2,0,2,0,0,2,NA,NA,2,0,2,0,2,0,2,0,2,0,NA,NA,2,0,2,0,2,0,2,0,0,2,2,0,0,2,2,0,2,0,2,0,2,0,0,2,0,2
Striped bass,2,0,NA,NA,2,0,2,0,2,0,2,0,2,0,2,0,2,0,2,0,2,0,2,0,2,0,2,0,2,0,0,2,0,2,2,0,0,2,2,0,2,0,2,0,2,0,2,0,2,0,2,0,2,0,2,0,2,0,2,0,0,2,0,2,0,2,0,2,2,0,2,0,2,0,2,0,0,2,2,0,2,0,0,2,2,0,2,0,2,0,2,0,2,0,2,0,NA,NA,2,0,2,0,2,0,2,0,0,2,2,0,0,2,2,0,2,0,2,0,2,0,0,2,0,2
Striped bass,2,0,2,0,2,0,2,0,2,0,1,1,2,0,2,0,2,0,2,0,2,0,2,0,2,0,2,0,2,0,0,2,0,2,2,0,0,2,2,0,2,0,2,0,2,0,2,0,2,0,2,0,2,0,2,0,2,0,2,0,0,2,0,2,0,2,0,2,2,0,2,0,2,0,2,0,0,2,2,0,2,0,0,2,2,0,2,0,2,0,2,0,2,0,2,0,NA,NA,2,0,2,0,2,0,2,0,0,2,2,0,0,2,2,0,2,0,2,0,2,0,0,2,0,2
Striped bass,2,0,2,0,2,0,2,0,2,0,1,1,2,0,2,0,2,0,2,0,2,0,2,0,2,0,2,0,2,0,0,2,0,2,2,0,0,2,2,0,2,0,2,0,2,0,2,0,2,0,2,0,2,0,2,0,2,0,2,0,0,2,0,2,0,2,0,2,2,0,2,0,2,0,2,0,0,2,2,0,2,0,0,2,2,0,2,0,2,0,2,0,2,0,2,0,NA,NA,2,0,2,0,2,0,2,0,0,2,2,0,0,2,2,0,2,0,2,0,2,0,0,2,0,2
Striped bass,2,0,2,0,2,0,2,0,2,0,1,1,2,0,2,0,NA,NA,NA,NA,NA,NA,2,0,2,0,2,0,2,0,0,2,0,2,2,0,0,2,2,0,2,0,2,0,2,0,NA,NA,2,0,2,0,2,0,2,0,2,0,2,0,0,2,0,2,0,2,0,2,2,0,2,0,2,0,2,0,0,2,2,0,2,0,0,2,2,0,2,0,2,0,2,0,2,0,2,0,NA,NA,2,0,2,0,2,0,2,0,0,2,2,0,0,2,2,0,2,0,2,0,2,0,0,2,0,2
Striped bass,2,0,NA,NA,2,0,2,0,2,0,1,1,2,0,2,0,2,0,2,0,2,0,2,0,2,0,2,0,0,2,0,2,0,2,2,0,0,2,2,0,2,0,2,0,2,0,NA,NA,2,0,2,0,2,0,2,0,2,0,2,0,0,2,0,2,0,2,0,2,2,0,2,0,2,0,NA,NA,0,2,2,0,2,0,0,2,2,0,2,0,2,0,2,0,2,0,2,0,NA,NA,2,0,2,0,2,0,2,0,NA,NA,2,0,0,2,2,0,2,0,2,0,2,0,0,2,0,2
Striped bass,2,0,2,0,2,0,2,0,2,0,0,2,2,0,2,0,NA,NA,NA,NA,NA,NA,2,0,2,0,2,0,2,0,0,2,0,2,2,0,0,2,2,0,2,0,2,0,2,0,2,0,2,0,2,0,2,0,2,0,2,0,2,0,0,2,0,2,0,2,0,2,2,0,2,0,2,0,2,0,0,2,2,0,2,0,0,2,2,0,2,0,2,0,2,0,2,0,2,0,NA,NA,2,0,2,0,2,0,2,0,0,2,2,0,0,2,2,0,2,0,2,0,2,0,0,2,0,2
Striped bass,2,0,2,0,2,0,2,0,2,0,1,1,2,0,2,0,NA,NA,NA,NA,NA,NA,2,0,2,0,2,0,2,0,0,2,0,2,2,0,0,2,2,0,2,0,2,0,2,0,NA,NA,2,0,2,0,2,0,2,0,2,0,2,0,0,2,0,2,0,2,0,2,2,0,2,0,2,0,2,0,0,2,2,0,2,0,0,2,2,0,2,0,2,0,2,0,2,0,2,0,NA,NA,2,0,2,0,2,0,2,0,0,2,2,0,0,2,2,0,2,0,2,0,2,0,0,2,0,2
Striped bass,2,0,2,0,2,0,2,0,2,0,2,0,2,0,2,0,2,0,2,0,2,0,2,0,2,0,2,0,2,0,0,2,0,2,2,0,0,2,2,0,2,0,2,0,2,0,2,0,2,0,2,0,2,0,2,0,2,0,2,0,0,2,0,2,0,2,0,2,2,0,2,0,2,0,2,0,0,2,2,0,2,0,0,2,2,0,2,0,2,0,2,0,2,0,2,0,NA,NA,2,0,2,0,2,0,2,0,0,2,2,0,0,2,2,0,2,0,2,0,2,0,0,2,0,2
Striped bass,2,0,2,0,2,0,2,0,2,0,1,1,2,0,2,0,2,0,2,0,2,0,2,0,2,0,2,0,2,0,0,2,0,2,2,0,0,2,2,0,2,0,2,0,2,0,2,0,2,0,2,0,2,0,2,0,2,0,2,0,0,2,0,2,0,2,0,2,2,0,2,0,2,0,2,0,0,2,2,0,2,0,0,2,2,0,2,0,2,0,2,0,2,0,2,0,NA,NA,2,0,2,0,2,0,2,0,0,2,2,0,0,2,2,0,2,0,2,0,2,0,0,2,0,2
Striped bass,2,0,2,0,2,0,2,0,2,0,1,1,2,0,2,0,2,0,2,0,2,0,2,0,2,0,2,0,1,1,0,2,0,2,2,0,0,2,2,0,2,0,2,0,2,0,2,0,2,0,2,0,2,0,2,0,2,0,2,0,0,2,0,2,0,2,0,2,2,0,2,0,2,0,2,0,0,2,2,0,2,0,0,2,2,0,2,0,2,0,2,0,2,0,2,0,NA,NA,1,1,2,0,2,0,2,0,0,2,2,0,0,2,2,0,2,0,2,0,2,0,0,2,0,2
Striped bass,2,0,2,0,2,0,2,0,2,0,1,1,2,0,2,0,2,0,2,0,2,0,2,0,2,0,2,0,2,0,0,2,0,2,2,0,0,2,2,0,2,0,2,0,2,0,2,0,2,0,2,0,2,0,2,0,2,0,2,0,0,2,0,2,0,2,0,2,2,0,2,0,2,0,2,0,0,2,2,0,2,0,0,2,2,0,2,0,2,0,2,0,2,0,2,0,NA,NA,2,0,2,0,2,0,2,0,0,2,2,0,0,2,2,0,2,0,2,0,2,0,0,2,0,2
Striped bass,2,0,2,0,2,0,2,0,2,0,2,0,2,0,2,0,2,0,2,0,2,0,2,0,2,0,2,0,2,0,0,2,0,2,2,0,0,2,2,0,2,0,2,0,2,0,2,0,2,0,2,0,2,0,2,0,2,0,2,0,0,2,0,2,0,2,0,2,2,0,2,0,2,0,2,0,0,2,2,0,2,0,0,2,2,0,2,0,2,0,2,0,2,0,2,0,NA,NA,2,0,2,0,2,0,2,0,0,2,2,0,0,2,2,0,2,0,2,0,2,0,0,2,0,2
Striped bass,2,0,NA,NA,2,0,2,0,2,0,NA,NA,2,0,2,0,NA,NA,NA,NA,NA,NA,2,0,2,0,2,0,2,0,0,2,0,2,2,0,0,2,2,0,NA,NA,2,0,NA,NA,NA,NA,2,0,2,0,2,0,2,0,2,0,NA,NA,0,2,0,2,0,2,0,2,2,0,2,0,2,0,NA,NA,0,2,2,0,2,0,0,2,NA,NA,2,0,2,0,2,0,2,0,2,0,NA,NA,2,0,2,0,2,0,2,0,0,2,2,0,0,2,NA,NA,NA,NA,2,0,NA,NA,NA,NA,NA,NA
Striped bass,2,0,2,0,2,0,2,0,2,0,1,1,2,0,2,0,2,0,2,0,2,0,2,0,2,0,2,0,1,1,0,2,0,2,2,0,0,2,2,0,2,0,2,0,2,0,2,0,2,0,2,0,2,0,2,0,2,0,2,0,0,2,0,2,0,2,0,2,2,0,2,0,2,0,2,0,0,2,2,0,2,0,0,2,2,0,2,0,2,0,2,0,2,0,2,0,2,0,2,0,2,0,2,0,2,0,0,2,2,0,0,2,2,0,2,0,2,0,2,0,0,2,0,2
Striped bass,2,0,2,0,2,0,2,0,2,0,2,0,2,0,2,0,2,0,2,0,2,0,2,0,2,0,2,0,1,1,0,2,0,2,2,0,0,2,2,0,2,0,2,0,2,0,2,0,2,0,2,0,2,0,2,0,2,0,2,0,0,2,0,2,0,2,0,2,2,0,2,0,2,0,2,0,0,2,2,0,2,0,0,2,2,0,2,0,2,0,2,0,2,0,2,0,NA,NA,1,1,2,0,2,0,2,0,0,2,2,0,0,2,2,0,2,0,2,0,2,0,0,2,0,2
Striped bass,2,0,2,0,2,0,2,0,2,0,1,1,2,0,2,0,2,0,2,0,2,0,2,0,2,0,2,0,2,0,0,2,0,2,2,0,0,2,2,0,2,0,2,0,2,0,2,0,2,0,2,0,2,0,2,0,2,0,2,0,0,2,0,2,0,2,0,2,2,0,2,0,2,0,2,0,0,2,2,0,2,0,0,2,2,0,2,0,2,0,2,0,2,0,2,0,2,0,2,0,2,0,2,0,2,0,0,2,2,0,0,2,2,0,2,0,2,0,2,0,0,2,0,2
Striped bass,2,0,2,0,2,0,2,0,2,0,1,1,2,0,2,0,2,0,2,0,2,0,2,0,2,0,2,0,1,1,0,2,0,2,2,0,0,2,2,0,2,0,2,0,2,0,2,0,2,0,2,0,2,0,2,0,2,0,2,0,0,2,0,2,0,2,0,2,2,0,2,0,2,0,2,0,0,2,2,0,2,0,0,2,2,0,2,0,2,0,2,0,2,0,2,0,NA,NA,2,0,2,0,2,0,2,0,0,2,2,0,0,2,2,0,2,0,2,0,2,0,0,2,0,2
Striped bass,2,0,2,0,2,0,2,0,2,0,1,1,2,0,2,0,2,0,2,0,2,0,2,0,2,0,2,0,2,0,0,2,0,2,2,0,0,2,2,0,2,0,2,0,2,0,2,0,2,0,2,0,2,0,2,0,2,0,2,0,0,2,0,2,0,2,0,2,2,0,2,0,2,0,2,0,0,2,2,0,2,0,0,2,2,0,2,0,2,0,2,0,2,0,2,0,NA,NA,2,0,2,0,2,0,2,0,0,2,2,0,0,2,2,0,2,0,2,0,2,0,0,2,0,2
Striped bass,2,0,2,0,2,0,2,0,2,0,2,0,2,0,2,0,2,0,2,0,2,0,2,0,2,0,2,0,2,0,0,2,0,2,2,0,0,2,2,0,2,0,2,0,2,0,2,0,2,0,2,0,2,0,2,0,2,0,2,0,0,2,0,2,0,2,0,2,2,0,2,0,2,0,2,0,0,2,2,0,2,0,0,2,2,0,2,0,2,0,2,0,2,0,2,0,2,0,2,0,2,0,2,0,2,0,0,2,2,0,0,2,2,0,2,0,2,0,2,0,0,2,0,2
Striped bass,2,0,2,0,2,0,2,0,2,0,1,1,2,0,2,0,2,0,2,0,2,0,2,0,2,0,2,0,2,0,0,2,0,2,2,0,0,2,2,0,2,0,2,0,2,0,2,0,2,0,2,0,2,0,2,0,2,0,2,0,0,2,0,2,0,2,0,2,2,0,2,0,2,0,2,0,0,2,2,0,2,0,0,2,2,0,2,0,2,0,2,0,2,0,2,0,NA,NA,2,0,2,0,2,0,2,0,0,2,2,0,0,2,2,0,2,0,2,0,2,0,0,2,0,2
Striped bass,2,0,2,0,2,0,2,0,2,0,1,1,2,0,2,0,2,0,2,0,2,0,2,0,2,0,2,0,2,0,0,2,0,2,2,0,0,2,2,0,2,0,2,0,2,0,2,0,2,0,2,0,2,0,2,0,2,0,2,0,0,2,0,2,0,2,0,2,2,0,2,0,2,0,2,0,0,2,2,0,2,0,0,2,2,0,2,0,2,0,2,0,2,0,2,0,NA,NA,2,0,2,0,2,0,2,0,0,2,2,0,0,2,2,0,2,0,2,0,2,0,0,2,0,2
Striped bass,2,0,2,0,2,0,2,0,2,0,1,1,2,0,2,0,2,0,2,0,2,0,2,0,2,0,2,0,2,0,0,2,0,2,2,0,0,2,2,0,2,0,2,0,2,0,2,0,2,0,2,0,2,0,2,0,2,0,2,0,0,2,0,2,0,2,0,2,2,0,2,0,2,0,2,0,0,2,2,0,2,0,0,2,2,0,2,0,2,0,2,0,2,0,2,0,NA,NA,2,0,2,0,2,0,2,0,0,2,2,0,0,2,2,0,2,0,2,0,2,0,0,2,0,2
Striped bass,2,0,2,0,2,0,2,0,2,0,2,0,2,0,2,0,2,0,2,0,2,0,2,0,2,0,2,0,1,1,0,2,0,2,2,0,0,2,2,0,2,0,2,0,2,0,2,0,2,0,2,0,2,0,2,0,2,0,2,0,0,2,0,2,0,2,0,2,2,0,2,0,2,0,2,0,0,2,2,0,2,0,0,2,2,0,2,0,2,0,2,0,2,0,2,0,2,0,2,0,2,0,2,0,2,0,0,2,2,0,0,2,2,0,2,0,2,0,2,0,0,2,0,2
Striped bass,2,0,2,0,2,0,2,0,2,0,1,1,2,0,2,0,2,0,2,0,2,0,2,0,2,0,2,0,2,0,0,2,0,2,2,0,0,2,2,0,2,0,2,0,2,0,2,0,2,0,2,0,2,0,2,0,2,0,2,0,0,2,0,2,0,2,0,2,2,0,2,0,2,0,2,0,0,2,2,0,2,0,0,2,2,0,2,0,2,0,2,0,2,0,2,0,2,0,2,0,2,0,2,0,2,0,0,2,2,0,0,2,2,0,2,0,2,0,2,0,0,2,0,2
Striped bass,2,0,2,0,2,0,2,0,2,0,1,1,2,0,2,0,2,0,2,0,2,0,2,0,2,0,2,0,2,0,0,2,0,2,2,0,0,2,2,0,2,0,2,0,2,0,2,0,2,0,2,0,2,0,2,0,2,0,2,0,0,2,0,2,0,2,0,2,2,0,2,0,2,0,2,0,0,2,2,0,2,0,0,2,2,0,2,0,2,0,2,0,2,0,2,0,2,0,1,1,2,0,2,0,2,0,0,2,2,0,0,2,2,0,2,0,2,0,2,0,0,2,0,2
Striped bass,2,0,2,0,2,0,2,0,2,0,1,1,2,0,2,0,2,0,2,0,2,0,2,0,2,0,2,0,2,0,0,2,0,2,2,0,0,2,2,0,2,0,2,0,2,0,2,0,2,0,2,0,2,0,2,0,2,0,2,0,0,2,0,2,0,2,0,2,2,0,2,0,2,0,2,0,0,2,2,0,2,0,0,2,2,0,2,0,2,0,2,0,2,0,2,0,NA,NA,2,0,2,0,2,0,2,0,0,2,2,0,0,2,2,0,2,0,2,0,2,0,0,2,0,2
Striped bass,2,0,2,0,2,0,2,0,2,0,1,1,2,0,2,0,2,0,2,0,2,0,2,0,2,0,2,0,2,0,0,2,0,2,2,0,0,2,2,0,2,0,2,0,2,0,2,0,2,0,2,0,2,0,2,0,2,0,2,0,0,2,0,2,0,2,0,2,2,0,2,0,2,0,2,0,0,2,2,0,2,0,0,2,2,0,2,0,2,0,2,0,2,0,2,0,NA,NA,2,0,2,0,2,0,2,0,0,2,2,0,0,2,2,0,2,0,2,0,2,0,0,2,0,2
Striped bass,2,0,2,0,2,0,2,0,2,0,2,0,2,0,2,0,2,0,2,0,2,0,2,0,2,0,2,0,2,0,0,2,0,2,2,0,0,2,2,0,2,0,2,0,2,0,2,0,2,0,2,0,2,0,2,0,2,0,2,0,0,2,0,2,0,2,0,2,2,0,2,0,2,0,2,0,0,2,2,0,2,0,0,2,2,0,2,0,2,0,2,0,2,0,2,0,NA,NA,2,0,2,0,2,0,2,0,0,2,2,0,0,2,2,0,2,0,2,0,2,0,0,2,0,2
Striped bass,2,0,2,0,2,0,2,0,2,0,2,0,2,0,2,0,2,0,2,0,2,0,2,0,2,0,2,0,2,0,0,2,0,2,2,0,0,2,2,0,2,0,2,0,2,0,2,0,2,0,2,0,2,0,2,0,2,0,2,0,0,2,0,2,0,2,0,2,2,0,2,0,2,0,2,0,0,2,2,0,2,0,0,2,2,0,2,0,2,0,2,0,2,0,2,0,NA,NA,2,0,2,0,2,0,2,0,0,2,2,0,0,2,2,0,2,0,2,0,2,0,0,2,0,2
Striped bass,2,0,2,0,2,0,2,0,2,0,1,1,2,0,2,0,2,0,2,0,2,0,2,0,2,0,2,0,2,0,0,2,0,2,2,0,0,2,2,0,2,0,2,0,2,0,2,0,2,0,2,0,2,0,2,0,2,0,2,0,0,2,0,2,0,2,0,2,2,0,2,0,2,0,2,0,0,2,2,0,2,0,0,2,2,0,2,0,2,0,2,0,2,0,2,0,NA,NA,2,0,2,0,2,0,2,0,0,2,2,0,0,2,2,0,2,0,2,0,2,0,0,2,0,2
Striped bass,2,0,2,0,2,0,2,0,2,0,1,1,2,0,2,0,2,0,2,0,2,0,2,0,2,0,2,0,2,0,0,2,0,2,2,0,0,2,2,0,2,0,2,0,2,0,2,0,2,0,2,0,2,0,2,0,2,0,2,0,0,2,0,2,0,2,0,2,2,0,2,0,2,0,2,0,0,2,2,0,2,0,0,2,2,0,2,0,2,0,2,0,2,0,2,0,NA,NA,2,0,2,0,2,0,2,0,0,2,2,0,0,2,2,0,2,0,2,0,2,0,0,2,0,2
Striped bass,2,0,2,0,2,0,2,0,2,0,2,0,2,0,2,0,2,0,2,0,2,0,2,0,2,0,2,0,1,1,0,2,0,2,2,0,0,2,2,0,2,0,2,0,2,0,2,0,2,0,2,0,2,0,2,0,2,0,2,0,0,2,0,2,0,2,0,2,2,0,2,0,2,0,2,0,0,2,2,0,2,0,0,2,2,0,2,0,2,0,2,0,2,0,2,0,NA,NA,2,0,2,0,2,0,2,0,0,2,2,0,0,2,2,0,2,0,2,0,2,0,0,2,0,2
Striped bass,2,0,2,0,2,0,2,0,2,0,2,0,2,0,2,0,2,0,2,0,2,0,2,0,2,0,2,0,2,0,0,2,0,2,2,0,0,2,2,0,2,0,2,0,2,0,2,0,2,0,2,0,2,0,2,0,2,0,2,0,0,2,0,2,0,2,0,2,2,0,2,0,2,0,2,0,0,2,2,0,2,0,0,2,2,0,2,0,2,0,2,0,2,0,2,0,NA,NA,2,0,2,0,2,0,2,0,0,2,2,0,0,2,2,0,2,0,2,0,2,0,0,2,0,2
Striped bass,2,0,2,0,2,0,2,0,2,0,1,1,2,0,2,0,2,0,2,0,2,0,2,0,2,0,2,0,2,0,0,2,0,2,2,0,0,2,2,0,2,0,2,0,2,0,2,0,2,0,2,0,2,0,2,0,2,0,2,0,0,2,0,2,0,2,0,2,2,0,2,0,2,0,2,0,0,2,2,0,2,0,0,2,2,0,2,0,2,0,2,0,2,0,2,0,NA,NA,2,0,2,0,2,0,2,0,0,2,2,0,0,2,2,0,2,0,2,0,2,0,0,2,0,2
Striped bass,2,0,2,0,2,0,2,0,2,0,1,1,2,0,2,0,2,0,2,0,2,0,2,0,2,0,2,0,2,0,0,2,0,2,2,0,0,2,2,0,2,0,2,0,2,0,2,0,2,0,2,0,2,0,2,0,2,0,2,0,0,2,0,2,0,2,0,2,2,0,2,0,2,0,2,0,0,2,2,0,2,0,0,2,2,0,2,0,2,0,2,0,2,0,2,0,NA,NA,2,0,2,0,2,0,2,0,0,2,2,0,0,2,2,0,2,0,2,0,2,0,0,2,0,2
Striped bass,2,0,2,0,2,0,2,0,2,0,1,1,2,0,2,0,2,0,2,0,2,0,2,0,2,0,2,0,2,0,0,2,0,2,2,0,0,2,2,0,2,0,2,0,2,0,2,0,2,0,2,0,2,0,2,0,2,0,2,0,0,2,0,2,0,2,0,2,2,0,2,0,2,0,2,0,0,2,2,0,2,0,0,2,2,0,2,0,2,0,2,0,2,0,2,0,NA,NA,2,0,2,0,2,0,2,0,0,2,2,0,0,2,2,0,2,0,2,0,2,0,0,2,0,2
Striped bass,2,0,2,0,2,0,2,0,2,0,1,1,2,0,2,0,2,0,2,0,2,0,2,0,2,0,2,0,1,1,0,2,0,2,2,0,0,2,2,0,2,0,2,0,2,0,2,0,2,0,2,0,2,0,2,0,2,0,2,0,0,2,0,2,0,2,0,2,2,0,2,0,2,0,2,0,0,2,2,0,2,0,0,2,2,0,2,0,2,0,2,0,2,0,2,0,NA,NA,2,0,2,0,2,0,2,0,0,2,2,0,0,2,2,0,2,0,2,0,2,0,0,2,0,2
Striped bass,2,0,2,0,2,0,2,0,2,0,1,1,2,0,2,0,2,0,2,0,2,0,2,0,2,0,2,0,1,1,0,2,0,2,2,0,0,2,2,0,2,0,2,0,2,0,2,0,2,0,2,0,2,0,2,0,2,0,2,0,0,2,0,2,0,2,0,2,2,0,2,0,2,0,2,0,0,2,2,0,2,0,0,2,2,0,2,0,2,0,2,0,2,0,2,0,NA,NA,2,0,2,0,2,0,2,0,0,2,2,0,0,2,2,0,2,0,2,0,2,0,0,2,0,2
Striped bass,2,0,2,0,2,0,2,0,2,0,2,0,2,0,2,0,2,0,2,0,2,0,2,0,2,0,2,0,1,1,0,2,0,2,2,0,0,2,2,0,2,0,2,0,2,0,2,0,2,0,2,0,2,0,2,0,2,0,2,0,0,2,0,2,0,2,0,2,2,0,2,0,2,0,2,0,0,2,2,0,2,0,0,2,2,0,2,0,2,0,2,0,2,0,2,0,NA,NA,2,0,2,0,2,0,2,0,0,2,2,0,0,2,2,0,2,0,2,0,2,0,0,2,0,2
Striped bass,2,0,2,0,2,0,2,0,2,0,1,1,2,0,2,0,2,0,2,0,2,0,2,0,2,0,2,0,2,0,0,2,0,2,2,0,0,2,2,0,2,0,2,0,2,0,2,0,2,0,2,0,2,0,2,0,2,0,2,0,0,2,0,2,0,2,0,2,2,0,2,0,2,0,2,0,0,2,2,0,2,0,0,2,2,0,2,0,2,0,2,0,2,0,2,0,NA,NA,2,0,2,0,2,0,2,0,0,2,2,0,0,2,2,0,2,0,2,0,2,0,0,2,0,2
Striped bass,2,0,2,0,2,0,2,0,2,0,2,0,2,0,2,0,2,0,2,0,2,0,2,0,2,0,2,0,2,0,0,2,0,2,2,0,0,2,2,0,2,0,2,0,2,0,2,0,2,0,2,0,2,0,2,0,2,0,2,0,0,2,0,2,0,2,0,2,2,0,2,0,2,0,2,0,0,2,2,0,2,0,0,2,2,0,2,0,2,0,2,0,2,0,2,0,NA,NA,2,0,2,0,2,0,2,0,0,2,2,0,0,2,2,0,2,0,2,0,2,0,0,2,0,2
Striped bass,2,0,2,0,2,0,2,0,2,0,1,1,2,0,2,0,2,0,2,0,2,0,2,0,2,0,2,0,2,0,0,2,0,2,2,0,0,2,2,0,2,0,2,0,2,0,2,0,2,0,2,0,2,0,2,0,2,0,2,0,0,2,0,2,0,2,0,2,2,0,2,0,2,0,2,0,0,2,2,0,2,0,0,2,2,0,2,0,2,0,2,0,2,0,2,0,NA,NA,2,0,2,0,2,0,2,0,0,2,2,0,0,2,2,0,2,0,2,0,2,0,0,2,0,2
Striped bass,2,0,2,0,2,0,2,0,2,0,2,0,2,0,2,0,2,0,2,0,2,0,2,0,2,0,2,0,2,0,0,2,0,2,2,0,0,2,2,0,2,0,2,0,2,0,2,0,2,0,2,0,2,0,2,0,2,0,2,0,0,2,0,2,0,2,0,2,2,0,2,0,2,0,2,0,0,2,2,0,2,0,0,2,2,0,2,0,2,0,2,0,2,0,2,0,NA,NA,2,0,2,0,2,0,2,0,0,2,2,0,0,2,2,0,2,0,2,0,2,0,0,2,0,2
Striped bass,2,0,2,0,2,0,2,0,2,0,2,0,2,0,2,0,2,0,2,0,2,0,2,0,2,0,2,0,2,0,0,2,0,2,2,0,0,2,2,0,2,0,2,0,2,0,2,0,2,0,2,0,2,0,2,0,2,0,2,0,0,2,0,2,0,2,0,2,2,0,2,0,2,0,2,0,0,2,2,0,2,0,0,2,2,0,2,0,2,0,2,0,2,0,2,0,NA,NA,2,0,2,0,2,0,2,0,0,2,2,0,0,2,2,0,2,0,2,0,2,0,0,2,0,2
Striped bass,2,0,2,0,2,0,2,0,2,0,0,2,2,0,2,0,2,0,2,0,2,0,2,0,2,0,2,0,2,0,0,2,0,2,2,0,0,2,2,0,2,0,2,0,2,0,2,0,2,0,2,0,2,0,2,0,2,0,2,0,0,2,0,2,0,2,0,2,2,0,2,0,2,0,2,0,0,2,2,0,2,0,0,2,2,0,2,0,2,0,2,0,2,0,2,0,NA,NA,2,0,2,0,2,0,2,0,0,2,2,0,0,2,2,0,2,0,2,0,2,0,0,2,0,2
Striped bass,2,0,2,0,2,0,2,0,2,0,1,1,2,0,2,0,2,0,2,0,2,0,2,0,2,0,2,0,2,0,0,2,0,2,2,0,0,2,2,0,2,0,2,0,2,0,2,0,2,0,2,0,2,0,2,0,2,0,2,0,0,2,0,2,0,2,0,2,2,0,2,0,2,0,2,0,0,2,2,0,2,0,0,2,2,0,2,0,2,0,2,0,2,0,2,0,NA,NA,2,0,2,0,2,0,2,0,0,2,2,0,0,2,2,0,2,0,2,0,2,0,0,2,0,2
Striped bass,2,0,2,0,2,0,2,0,2,0,2,0,2,0,2,0,2,0,2,0,2,0,2,0,2,0,2,0,2,0,0,2,0,2,2,0,0,2,2,0,2,0,2,0,2,0,2,0,2,0,2,0,2,0,2,0,2,0,2,0,0,2,0,2,0,2,0,2,2,0,2,0,2,0,2,0,0,2,2,0,2,0,0,2,2,0,2,0,2,0,2,0,2,0,2,0,NA,NA,2,0,2,0,2,0,2,0,0,2,2,0,0,2,2,0,2,0,2,0,2,0,0,2,0,2
Striped bass,2,0,2,0,2,0,2,0,2,0,0,2,2,0,2,0,2,0,2,0,2,0,2,0,2,0,2,0,2,0,0,2,0,2,2,0,0,2,2,0,2,0,2,0,2,0,2,0,2,0,2,0,2,0,2,0,2,0,2,0,0,2,0,2,0,2,0,2,2,0,2,0,2,0,2,0,0,2,2,0,2,0,0,2,2,0,2,0,2,0,2,0,2,0,2,0,NA,NA,2,0,2,0,2,0,2,0,0,2,2,0,0,2,2,0,2,0,2,0,2,0,0,2,0,2
Striped bass,2,0,2,0,2,0,2,0,2,0,0,2,2,0,2,0,2,0,2,0,2,0,2,0,2,0,2,0,2,0,0,2,0,2,2,0,0,2,2,0,2,0,2,0,2,0,2,0,2,0,2,0,2,0,2,0,2,0,2,0,0,2,0,2,0,2,0,2,2,0,2,0,2,0,2,0,0,2,2,0,2,0,0,2,2,0,2,0,2,0,2,0,2,0,2,0,NA,NA,2,0,2,0,2,0,2,0,0,2,2,0,0,2,2,0,2,0,2,0,2,0,0,2,0,2
Striped bass,2,0,2,0,2,0,2,0,2,0,1,1,2,0,2,0,2,0,2,0,2,0,2,0,2,0,2,0,2,0,0,2,0,2,2,0,0,2,2,0,2,0,2,0,2,0,2,0,2,0,2,0,2,0,2,0,2,0,2,0,0,2,0,2,0,2,0,2,2,0,2,0,2,0,2,0,0,2,2,0,2,0,0,2,2,0,2,0,2,0,2,0,2,0,2,0,NA,NA,2,0,2,0,2,0,2,0,0,2,2,0,0,2,2,0,2,0,2,0,2,0,0,2,0,2
Striped bass,2,0,2,0,2,0,2,0,2,0,0,2,2,0,2,0,2,0,2,0,2,0,2,0,2,0,2,0,2,0,0,2,0,2,2,0,0,2,2,0,2,0,2,0,2,0,2,0,2,0,2,0,2,0,2,0,2,0,2,0,0,2,0,2,0,2,0,2,2,0,2,0,2,0,2,0,0,2,2,0,2,0,0,2,2,0,2,0,2,0,2,0,2,0,2,0,NA,NA,2,0,2,0,2,0,2,0,0,2,2,0,0,2,2,0,2,0,2,0,2,0,0,2,0,2
Striped bass,2,0,2,0,2,0,2,0,2,0,2,0,2,0,2,0,2,0,2,0,2,0,2,0,2,0,2,0,2,0,0,2,0,2,2,0,0,2,2,0,2,0,2,0,2,0,2,0,2,0,2,0,2,0,2,0,2,0,2,0,0,2,0,2,0,2,0,2,2,0,2,0,2,0,2,0,0,2,2,0,2,0,0,2,2,0,2,0,2,0,2,0,2,0,2,0,NA,NA,2,0,2,0,2,0,2,0,0,2,2,0,0,2,2,0,2,0,2,0,2,0,0,2,0,2
Striped bass,2,0,2,0,2,0,2,0,2,0,0,2,2,0,2,0,2,0,2,0,2,0,2,0,2,0,2,0,2,0,0,2,0,2,2,0,0,2,2,0,2,0,2,0,2,0,2,0,2,0,2,0,2,0,2,0,2,0,2,0,0,2,0,2,0,2,0,2,2,0,2,0,2,0,2,0,0,2,2,0,2,0,0,2,2,0,2,0,2,0,2,0,2,0,2,0,NA,NA,2,0,2,0,2,0,2,0,0,2,2,0,0,2,2,0,2,0,2,0,2,0,0,2,0,2
Striped bass,2,0,2,0,2,0,2,0,2,0,1,1,2,0,2,0,2,0,2,0,2,0,2,0,2,0,2,0,2,0,0,2,0,2,2,0,0,2,2,0,2,0,2,0,2,0,2,0,2,0,2,0,2,0,2,0,2,0,2,0,0,2,0,2,0,2,0,2,2,0,2,0,2,0,2,0,0,2,2,0,2,0,0,2,2,0,2,0,2,0,2,0,2,0,2,0,NA,NA,2,0,2,0,2,0,2,0,0,2,2,0,0,2,2,0,2,0,2,0,2,0,0,2,0,2
Striped bass,2,0,2,0,2,0,2,0,2,0,1,1,2,0,2,0,2,0,2,0,2,0,2,0,2,0,2,0,2,0,0,2,0,2,2,0,0,2,2,0,2,0,2,0,2,0,2,0,2,0,2,0,2,0,2,0,2,0,2,0,0,2,0,2,0,2,0,2,2,0,2,0,2,0,2,0,0,2,2,0,2,0,0,2,2,0,2,0,2,0,2,0,2,0,2,0,NA,NA,2,0,2,0,2,0,2,0,0,2,2,0,0,2,2,0,2,0,2,0,2,0,0,2,0,2
Striped bass,2,0,2,0,2,0,2,0,2,0,1,1,2,0,2,0,2,0,2,0,2,0,2,0,2,0,2,0,2,0,0,2,0,2,2,0,0,2,2,0,2,0,2,0,2,0,2,0,2,0,2,0,2,0,2,0,2,0,2,0,0,2,0,2,0,2,0,2,2,0,2,0,2,0,2,0,0,2,2,0,2,0,0,2,2,0,2,0,2,0,2,0,2,0,2,0,NA,NA,2,0,2,0,2,0,2,0,0,2,2,0,0,2,2,0,2,0,2,0,2,0,0,2,0,2
Striped bass,2,0,2,0,2,0,2,0,2,0,1,1,2,0,2,0,2,0,2,0,2,0,2,0,2,0,2,0,2,0,0,2,0,2,2,0,0,2,2,0,2,0,2,0,2,0,2,0,2,0,2,0,2,0,2,0,2,0,2,0,0,2,0,2,0,2,0,2,2,0,2,0,2,0,2,0,0,2,2,0,2,0,0,2,2,0,2,0,2,0,2,0,2,0,2,0,NA,NA,2,0,2,0,2,0,2,0,0,2,2,0,0,2,2,0,2,0,2,0,2,0,0,2,0,2
Striped bass,2,0,NA,NA,2,0,2,0,2,0,1,1,2,0,2,0,2,0,2,0,2,0,2,0,2,0,2,0,2,0,0,2,0,2,2,0,0,2,2,0,2,0,2,0,2,0,2,0,2,0,2,0,2,0,2,0,2,0,2,0,0,2,0,2,0,2,0,2,2,0,2,0,2,0,2,0,0,2,2,0,2,0,0,2,2,0,2,0,2,0,2,0,2,0,2,0,NA,NA,2,0,2,0,2,0,2,0,0,2,2,0,0,2,2,0,2,0,2,0,2,0,0,2,0,2
Striped bass,2,0,NA,NA,2,0,2,0,2,0,1,1,2,0,2,0,NA,NA,NA,NA,NA,NA,2,0,2,0,2,0,2,0,0,2,0,2,2,0,0,2,2,0,2,0,2,0,2,0,2,0,2,0,2,0,2,0,2,0,2,0,2,0,0,2,0,2,0,2,0,2,2,0,2,0,2,0,2,0,0,2,2,0,2,0,0,2,2,0,2,0,2,0,2,0,2,0,2,0,NA,NA,2,0,2,0,2,0,2,0,0,2,2,0,0,2,2,0,2,0,2,0,2,0,0,2,0,2
Striped bass,2,0,2,0,2,0,2,0,2,0,0,2,2,0,2,0,NA,NA,NA,NA,NA,NA,2,0,2,0,2,0,2,0,0,2,0,2,2,0,0,2,2,0,2,0,2,0,2,0,2,0,2,0,2,0,2,0,2,0,2,0,2,0,0,2,0,2,0,2,0,2,2,0,2,0,2,0,2,0,0,2,2,0,2,0,0,2,2,0,2,0,2,0,2,0,2,0,2,0,NA,NA,2,0,2,0,2,0,2,0,0,2,2,0,0,2,2,0,2,0,2,0,2,0,0,2,0,2
Striped bass,2,0,2,0,2,0,2,0,2,0,2,0,2,0,2,0,2,0,2,0,2,0,2,0,2,0,2,0,2,0,0,2,0,2,2,0,0,2,2,0,2,0,2,0,2,0,2,0,2,0,2,0,2,0,2,0,2,0,2,0,0,2,0,2,0,2,0,2,2,0,2,0,2,0,2,0,0,2,2,0,2,0,0,2,2,0,2,0,2,0,2,0,2,0,2,0,NA,NA,2,0,2,0,2,0,2,0,0,2,2,0,0,2,2,0,2,0,2,0,2,0,0,2,0,2
Striped bass,2,0,2,0,2,0,2,0,2,0,2,0,2,0,2,0,2,0,2,0,2,0,2,0,2,0,2,0,1,1,0,2,0,2,2,0,0,2,2,0,2,0,2,0,2,0,2,0,2,0,2,0,2,0,2,0,2,0,2,0,0,2,0,2,0,2,0,2,2,0,2,0,2,0,2,0,0,2,2,0,2,0,0,2,2,0,2,0,2,0,2,0,2,0,2,0,NA,NA,2,0,2,0,2,0,2,0,0,2,2,0,0,2,2,0,2,0,2,0,2,0,0,2,0,2
Striped bass x white bass,1,1,1,1,1,1,1,1,1,1,0,2,1,1,1,1,1,1,2,0,2,0,1,1,1,1,2,0,2,0,0,2,1,1,1,1,1,1,1,1,1,1,1,1,2,0,1,1,2,0,1,1,1,1,1,1,2,0,1,1,1,1,0,2,1,1,1,1,1,1,2,0,2,0,1,1,0,2,1,1,1,1,1,1,1,1,1,1,1,1,1,1,1,1,1,1,2,0,2,0,2,0,1,1,2,0,0,2,1,1,0,2,2,0,2,0,1,1,1,1,1,1,0,2
Striped bass x white bass,1,1,1,1,1,1,1,1,1,1,1,1,1,1,1,1,1,1,2,0,2,0,1,1,1,1,2,0,2,0,0,2,1,1,1,1,1,1,1,1,1,1,1,1,2,0,1,1,2,0,1,1,1,1,1,1,2,0,1,1,1,1,0,2,1,1,1,1,1,1,2,0,2,0,1,1,0,2,1,1,1,1,1,1,1,1,1,1,1,1,1,1,1,1,1,1,2,0,2,0,2,0,1,1,2,0,0,2,1,1,0,2,2,0,2,0,1,1,1,1,1,1,0,2
Striped bass x white bass,1,1,1,1,1,1,1,1,1,1,0,2,1,1,1,1,1,1,2,0,2,0,1,1,1,1,2,0,2,0,0,2,1,1,1,1,1,1,1,1,1,1,1,1,2,0,1,1,2,0,1,1,1,1,1,1,2,0,1,1,1,1,0,2,1,1,1,1,1,1,2,0,2,0,1,1,0,2,1,1,1,1,1,1,1,1,1,1,1,1,1,1,1,1,1,1,2,0,2,0,2,0,1,1,2,0,0,2,1,1,0,2,2,0,2,0,1,1,1,1,1,1,0,2
Striped bass x white bass,1,1,1,1,1,1,1,1,1,1,0,2,1,1,1,1,1,1,2,0,2,0,1,1,1,1,2,0,2,0,0,2,1,1,1,1,1,1,1,1,1,1,1,1,2,0,NA,NA,2,0,1,1,1,1,1,1,2,0,1,1,1,1,0,2,1,1,1,1,1,1,2,0,2,0,1,1,0,2,1,1,1,1,1,1,1,1,1,1,1,1,1,1,1,1,1,1,2,0,2,0,2,0,1,1,2,0,0,2,1,1,0,2,2,0,2,0,1,1,1,1,1,1,0,2
Striped bass x white bass,1,1,1,1,1,1,1,1,1,1,0,2,1,1,1,1,1,1,2,0,2,0,1,1,1,1,2,0,2,0,0,2,1,1,1,1,1,1,1,1,1,1,1,1,2,0,1,1,2,0,1,1,1,1,1,1,2,0,1,1,1,1,0,2,1,1,1,1,1,1,2,0,2,0,1,1,0,2,1,1,1,1,1,1,1,1,1,1,1,1,1,1,1,1,1,1,2,0,2,0,2,0,1,1,2,0,0,2,1,1,0,2,2,0,2,0,1,1,1,1,1,1,0,2
Striped bass x white bass,1,1,1,1,1,1,1,1,1,1,1,1,1,1,1,1,1,1,2,0,2,0,1,1,1,1,2,0,2,0,0,2,1,1,1,1,1,1,1,1,1,1,1,1,2,0,NA,NA,2,0,1,1,1,1,1,1,2,0,1,1,1,1,0,2,1,1,1,1,1,1,2,0,2,0,1,1,0,2,1,1,1,1,1,1,1,1,1,1,1,1,1,1,1,1,1,1,2,0,2,0,2,0,1,1,2,0,0,2,1,1,0,2,2,0,2,0,1,1,1,1,1,1,0,2
Striped bass x white bass,1,1,0,2,1,1,1,1,1,1,0,2,1,1,1,1,1,1,2,0,2,0,1,1,1,1,2,0,2,0,0,2,1,1,1,1,1,1,1,1,1,1,1,1,2,0,1,1,2,0,1,1,1,1,1,1,2,0,1,1,1,1,0,2,1,1,1,1,1,1,2,0,2,0,1,1,0,2,1,1,1,1,1,1,1,1,1,1,1,1,1,1,1,1,1,1,2,0,2,0,2,0,1,1,2,0,0,2,1,1,0,2,2,0,2,0,1,1,1,1,1,1,0,2
Striped bass x white bass,1,1,1,1,1,1,1,1,1,1,1,1,1,1,1,1,1,1,2,0,2,0,1,1,1,1,2,0,2,0,0,2,1,1,1,1,1,1,1,1,1,1,1,1,2,0,1,1,2,0,1,1,1,1,1,1,2,0,1,1,1,1,0,2,1,1,1,1,1,1,2,0,2,0,1,1,0,2,1,1,1,1,1,1,1,1,1,1,1,1,1,1,1,1,1,1,2,0,2,0,2,0,1,1,2,0,0,2,1,1,0,2,2,0,2,0,1,1,1,1,1,1,0,2
Striped bass x white bass,1,1,1,1,1,1,1,1,1,1,0,2,1,1,1,1,1,1,2,0,2,0,1,1,1,1,2,0,2,0,0,2,1,1,1,1,1,1,1,1,1,1,1,1,2,0,1,1,2,0,1,1,1,1,1,1,2,0,1,1,1,1,0,2,1,1,1,1,1,1,2,0,2,0,1,1,0,2,1,1,1,1,1,1,1,1,1,1,1,1,1,1,1,1,1,1,2,0,2,0,2,0,1,1,2,0,0,2,1,1,0,2,2,0,2,0,1,1,1,1,1,1,0,2
Striped bass x white bass,1,1,1,1,1,1,1,1,1,1,0,2,1,1,1,1,1,1,2,0,2,0,1,1,1,1,2,0,2,0,0,2,1,1,1,1,1,1,1,1,1,1,1,1,2,0,1,1,2,0,1,1,1,1,1,1,2,0,1,1,1,1,0,2,1,1,1,1,1,1,2,0,2,0,1,1,0,2,1,1,1,1,1,1,1,1,1,1,1,1,1,1,1,1,1,1,2,0,2,0,2,0,1,1,2,0,0,2,1,1,0,2,2,0,2,0,1,1,1,1,1,1,0,2
Striped bass x white bass,1,1,1,1,1,1,1,1,1,1,1,1,1,1,1,1,1,1,2,0,2,0,1,1,1,1,2,0,2,0,0,2,1,1,1,1,1,1,1,1,1,1,1,1,2,0,1,1,2,0,1,1,1,1,1,1,2,0,1,1,1,1,0,2,1,1,1,1,1,1,2,0,2,0,1,1,0,2,1,1,1,1,1,1,1,1,1,1,1,1,1,1,1,1,1,1,2,0,2,0,2,0,1,1,2,0,0,2,1,1,0,2,2,0,2,0,1,1,1,1,1,1,0,2
Striped bass x white bass,1,1,1,1,1,1,1,1,1,1,1,1,1,1,1,1,1,1,2,0,2,0,1,1,1,1,2,0,2,0,0,2,1,1,1,1,1,1,1,1,1,1,1,1,2,0,1,1,2,0,1,1,1,1,1,1,2,0,1,1,1,1,0,2,1,1,1,1,1,1,2,0,2,0,1,1,0,2,1,1,1,1,1,1,1,1,1,1,1,1,1,1,1,1,1,1,2,0,2,0,2,0,1,1,2,0,0,2,1,1,0,2,2,0,2,0,1,1,1,1,1,1,0,2
Striped bass x white bass,1,1,1,1,1,1,1,1,1,1,1,1,1,1,1,1,1,1,2,0,2,0,1,1,1,1,2,0,2,0,0,2,1,1,1,1,1,1,1,1,1,1,1,1,2,0,1,1,2,0,1,1,1,1,1,1,2,0,1,1,1,1,0,2,1,1,1,1,1,1,2,0,2,0,1,1,0,2,1,1,1,1,1,1,1,1,1,1,1,1,1,1,1,1,1,1,2,0,2,0,2,0,1,1,2,0,0,2,1,1,0,2,2,0,2,0,1,1,1,1,1,1,0,2
Striped bass x white bass,1,1,1,1,1,1,1,1,1,1,0,2,1,1,1,1,1,1,2,0,2,0,1,1,1,1,2,0,2,0,0,2,1,1,1,1,1,1,1,1,1,1,1,1,2,0,1,1,2,0,1,1,1,1,1,1,2,0,1,1,1,1,0,2,1,1,1,1,1,1,2,0,2,0,1,1,0,2,1,1,1,1,1,1,1,1,1,1,1,1,1,1,1,1,1,1,2,0,2,0,2,0,1,1,2,0,0,2,1,1,0,2,2,0,2,0,1,1,1,1,1,1,0,2
Striped bass x white bass,1,1,1,1,1,1,1,1,1,1,1,1,1,1,1,1,1,1,2,0,2,0,1,1,1,1,2,0,2,0,0,2,1,1,1,1,1,1,1,1,1,1,1,1,2,0,1,1,2,0,1,1,1,1,1,1,2,0,1,1,1,1,0,2,1,1,1,1,1,1,2,0,2,0,1,1,0,2,1,1,1,1,1,1,1,1,1,1,1,1,1,1,1,1,1,1,2,0,2,0,2,0,1,1,2,0,0,2,1,1,0,2,2,0,2,0,1,1,1,1,1,1,0,2
Striped bass x white bass,1,1,1,1,1,1,1,1,1,1,0,2,1,1,1,1,1,1,2,0,2,0,1,1,1,1,2,0,2,0,0,2,1,1,1,1,1,1,1,1,1,1,1,1,2,0,1,1,2,0,1,1,1,1,1,1,2,0,1,1,1,1,0,2,1,1,1,1,1,1,2,0,2,0,1,1,0,2,1,1,1,1,1,1,1,1,1,1,1,1,1,1,1,1,1,1,2,0,2,0,2,0,1,1,2,0,0,2,1,1,0,2,2,0,2,0,1,1,1,1,1,1,0,2
White bass,0,2,0,2,0,2,0,2,0,2,0,2,0,2,1,1,0,2,2,0,2,0,0,2,0,2,2,0,2,0,0,2,2,0,0,2,2,0,0,2,0,2,0,2,2,0,NA,NA,2,0,0,2,0,2,0,2,2,0,0,2,2,0,0,2,2,0,2,0,0,2,2,0,2,0,0,2,NA,NA,0,2,0,2,2,0,0,2,0,2,0,2,0,2,0,2,0,2,2,0,2,0,2,0,0,2,NA,NA,0,2,0,2,0,2,NA,NA,NA,NA,0,2,0,2,2,0,0,2
White bass,0,2,0,2,0,2,0,2,0,2,0,2,0,2,1,1,0,2,2,0,2,0,0,2,0,2,2,0,2,0,0,2,2,0,0,2,2,0,0,2,0,2,0,2,2,0,0,2,2,0,0,2,0,2,0,2,2,0,0,2,2,0,0,2,2,0,2,0,0,2,2,0,2,0,0,2,NA,NA,0,2,0,2,2,0,0,2,0,2,0,2,0,2,0,2,0,2,2,0,2,0,2,0,0,2,2,0,0,2,0,2,0,2,NA,NA,NA,NA,0,2,0,2,2,0,0,2
White bass,0,2,0,2,0,2,0,2,0,2,0,2,0,2,1,1,0,2,2,0,2,0,0,2,0,2,2,0,2,0,0,2,2,0,0,2,2,0,0,2,0,2,0,2,2,0,0,2,2,0,0,2,0,2,0,2,2,0,0,2,2,0,0,2,2,0,2,0,0,2,2,0,2,0,0,2,NA,NA,0,2,0,2,2,0,0,2,0,2,0,2,0,2,0,2,0,2,2,0,2,0,2,0,0,2,2,0,0,2,0,2,0,2,NA,NA,NA,NA,0,2,0,2,2,0,0,2
White bass,0,2,0,2,0,2,0,2,0,2,0,2,0,2,1,1,0,2,2,0,2,0,0,2,0,2,2,0,2,0,0,2,2,0,0,2,2,0,0,2,0,2,0,2,2,0,0,2,2,0,0,2,0,2,0,2,2,0,0,2,2,0,0,2,2,0,2,0,0,2,2,0,2,0,0,2,NA,NA,0,2,0,2,2,0,0,2,0,2,0,2,0,2,0,2,0,2,2,0,2,0,2,0,0,2,2,0,0,2,0,2,0,2,NA,NA,NA,NA,0,2,0,2,2,0,0,2
White bass,0,2,0,2,0,2,0,2,0,2,0,2,0,2,1,1,0,2,2,0,2,0,0,2,0,2,2,0,2,0,0,2,2,0,0,2,2,0,0,2,0,2,0,2,2,0,0,2,2,0,0,2,0,2,0,2,2,0,0,2,2,0,0,2,2,0,2,0,0,2,2,0,2,0,0,2,NA,NA,0,2,0,2,2,0,0,2,0,2,0,2,0,2,0,2,0,2,2,0,2,0,2,0,0,2,2,0,0,2,0,2,0,2,NA,NA,NA,NA,0,2,0,2,2,0,0,2
White bass,0,2,0,2,0,2,0,2,0,2,0,2,0,2,1,1,0,2,2,0,2,0,0,2,0,2,2,0,2,0,0,2,2,0,0,2,2,0,0,2,0,2,0,2,2,0,0,2,2,0,0,2,0,2,0,2,2,0,0,2,2,0,0,2,2,0,2,0,0,2,2,0,2,0,0,2,NA,NA,0,2,0,2,2,0,0,2,0,2,0,2,0,2,0,2,0,2,2,0,2,0,2,0,0,2,2,0,0,2,0,2,0,2,NA,NA,NA,NA,0,2,0,2,2,0,0,2
White bass,0,2,0,2,0,2,0,2,0,2,0,2,0,2,1,1,0,2,2,0,2,0,0,2,0,2,2,0,2,0,0,2,2,0,0,2,2,0,0,2,0,2,0,2,2,0,0,2,2,0,0,2,0,2,0,2,2,0,0,2,2,0,0,2,2,0,2,0,0,2,2,0,2,0,0,2,NA,NA,0,2,0,2,2,0,0,2,0,2,0,2,0,2,0,2,0,2,2,0,2,0,2,0,0,2,2,0,0,2,0,2,0,2,NA,NA,NA,NA,0,2,0,2,2,0,0,2
White bass,0,2,0,2,0,2,0,2,0,2,0,2,0,2,1,1,0,2,2,0,2,0,0,2,0,2,2,0,2,0,0,2,2,0,0,2,2,0,0,2,0,2,0,2,2,0,0,2,2,0,0,2,0,2,0,2,2,0,0,2,2,0,0,2,2,0,2,0,0,2,2,0,2,0,0,2,NA,NA,0,2,0,2,2,0,0,2,0,2,0,2,0,2,0,2,0,2,2,0,2,0,2,0,0,2,2,0,0,2,0,2,0,2,NA,NA,NA,NA,0,2,0,2,2,0,0,2
White bass,0,2,0,2,0,2,0,2,0,2,0,2,0,2,1,1,0,2,2,0,2,0,0,2,0,2,2,0,2,0,0,2,2,0,0,2,2,0,0,2,0,2,0,2,2,0,0,2,2,0,0,2,0,2,0,2,2,0,0,2,2,0,0,2,2,0,2,0,0,2,2,0,2,0,0,2,NA,NA,0,2,0,2,2,0,0,2,0,2,0,2,0,2,0,2,0,2,2,0,2,0,2,0,0,2,2,0,0,2,0,2,0,2,NA,NA,NA,NA,0,2,0,2,2,0,0,2
White bass,0,2,0,2,0,2,0,2,0,2,0,2,0,2,1,1,0,2,2,0,2,0,0,2,0,2,2,0,2,0,0,2,2,0,0,2,2,0,0,2,0,2,0,2,2,0,0,2,2,0,0,2,0,2,0,2,2,0,0,2,2,0,0,2,2,0,2,0,0,2,2,0,2,0,0,2,NA,NA,0,2,0,2,2,0,0,2,0,2,0,2,0,2,0,2,0,2,2,0,2,0,2,0,0,2,2,0,0,2,0,2,0,2,NA,NA,NA,NA,0,2,0,2,2,0,0,2
White bass,0,2,0,2,0,2,0,2,0,2,0,2,0,2,1,1,0,2,2,0,2,0,0,2,0,2,2,0,2,0,0,2,2,0,0,2,2,0,0,2,0,2,0,2,2,0,0,2,2,0,0,2,0,2,0,2,2,0,0,2,2,0,0,2,2,0,2,0,0,2,2,0,2,0,0,2,NA,NA,0,2,0,2,2,0,0,2,0,2,0,2,0,2,0,2,0,2,2,0,2,0,2,0,0,2,2,0,0,2,0,2,0,2,NA,NA,NA,NA,0,2,0,2,2,0,0,2
White bass,0,2,0,2,0,2,0,2,0,2,0,2,0,2,1,1,0,2,2,0,2,0,0,2,0,2,2,0,2,0,0,2,2,0,0,2,2,0,0,2,0,2,0,2,2,0,0,2,2,0,0,2,0,2,0,2,2,0,0,2,2,0,0,2,2,0,2,0,0,2,2,0,2,0,0,2,NA,NA,0,2,0,2,2,0,0,2,0,2,0,2,0,2,0,2,0,2,2,0,2,0,2,0,0,2,2,0,0,2,0,2,0,2,NA,NA,NA,NA,0,2,0,2,2,0,0,2
White bass,0,2,0,2,0,2,0,2,0,2,0,2,0,2,1,1,0,2,2,0,2,0,0,2,0,2,2,0,2,0,0,2,2,0,0,2,2,0,0,2,0,2,0,2,2,0,0,2,2,0,0,2,0,2,0,2,2,0,0,2,2,0,0,2,2,0,2,0,0,2,2,0,2,0,0,2,NA,NA,0,2,0,2,2,0,0,2,0,2,0,2,0,2,0,2,0,2,2,0,2,0,2,0,0,2,2,0,0,2,0,2,0,2,NA,NA,NA,NA,0,2,0,2,2,0,0,2
White bass,0,2,0,2,0,2,0,2,0,2,0,2,0,2,1,1,0,2,2,0,2,0,0,2,0,2,2,0,2,0,0,2,2,0,0,2,2,0,0,2,0,2,0,2,2,0,0,2,2,0,0,2,0,2,0,2,2,0,0,2,2,0,0,2,2,0,2,0,0,2,2,0,2,0,0,2,NA,NA,0,2,0,2,2,0,0,2,0,2,0,2,0,2,0,2,0,2,2,0,2,0,2,0,0,2,2,0,0,2,0,2,0,2,NA,NA,NA,NA,0,2,0,2,2,0,0,2
White bass,0,2,0,2,0,2,0,2,0,2,0,2,0,2,1,1,0,2,2,0,2,0,0,2,0,2,2,0,2,0,0,2,2,0,0,2,2,0,0,2,0,2,0,2,2,0,NA,NA,2,0,0,2,0,2,0,2,2,0,0,2,2,0,0,2,2,0,2,0,0,2,2,0,2,0,0,2,NA,NA,0,2,0,2,2,0,0,2,0,2,0,2,0,2,0,2,0,2,2,0,2,0,2,0,0,2,2,0,0,2,0,2,0,2,NA,NA,NA,NA,0,2,0,2,2,0,0,2
White bass,0,2,0,2,0,2,0,2,0,2,0,2,0,2,1,1,0,2,2,0,2,0,0,2,0,2,2,0,2,0,0,2,2,0,0,2,2,0,0,2,0,2,0,2,2,0,0,2,2,0,0,2,0,2,0,2,2,0,0,2,2,0,0,2,2,0,2,0,0,2,2,0,2,0,0,2,NA,NA,0,2,0,2,2,0,0,2,0,2,0,2,0,2,0,2,0,2,2,0,2,0,2,0,0,2,2,0,0,2,0,2,0,2,NA,NA,NA,NA,0,2,0,2,2,0,0,2
White bass,0,2,0,2,0,2,0,2,0,2,0,2,0,2,1,1,0,2,2,0,2,0,0,2,0,2,2,0,2,0,0,2,2,0,0,2,2,0,0,2,0,2,0,2,2,0,0,2,2,0,0,2,0,2,0,2,2,0,0,2,2,0,0,2,2,0,2,0,0,2,2,0,2,0,0,2,NA,NA,0,2,0,2,2,0,0,2,0,2,0,2,0,2,0,2,0,2,2,0,2,0,2,0,0,2,2,0,0,2,0,2,0,2,NA,NA,NA,NA,0,2,0,2,2,0,0,2
White bass,0,2,0,2,0,2,0,2,0,2,0,2,0,2,1,1,0,2,2,0,2,0,0,2,0,2,2,0,2,0,0,2,2,0,0,2,2,0,0,2,0,2,0,2,2,0,0,2,2,0,0,2,0,2,0,2,2,0,0,2,2,0,0,2,2,0,2,0,0,2,2,0,2,0,0,2,NA,NA,0,2,0,2,2,0,0,2,0,2,0,2,0,2,0,2,0,2,2,0,2,0,2,0,0,2,2,0,0,2,0,2,0,2,NA,NA,NA,NA,0,2,0,2,2,0,0,2
White bass,0,2,0,2,0,2,0,2,0,2,0,2,0,2,1,1,0,2,2,0,2,0,0,2,0,2,2,0,2,0,0,2,2,0,0,2,2,0,0,2,0,2,0,2,2,0,0,2,2,0,0,2,0,2,0,2,2,0,0,2,2,0,0,2,2,0,2,0,0,2,2,0,2,0,0,2,NA,NA,0,2,0,2,2,0,0,2,0,2,0,2,0,2,0,2,0,2,2,0,2,0,2,0,0,2,2,0,0,2,0,2,0,2,NA,NA,NA,NA,0,2,0,2,2,0,0,2
White bass,0,2,0,2,0,2,0,2,0,2,0,2,0,2,1,1,0,2,2,0,2,0,0,2,0,2,2,0,2,0,0,2,2,0,0,2,2,0,0,2,0,2,0,2,2,0,NA,NA,2,0,0,2,0,2,0,2,2,0,0,2,2,0,0,2,2,0,2,0,0,2,2,0,2,0,0,2,NA,NA,0,2,0,2,2,0,0,2,0,2,0,2,0,2,0,2,0,2,2,0,2,0,2,0,0,2,NA,NA,0,2,0,2,0,2,NA,NA,NA,NA,0,2,0,2,2,0,0,2
White bass,0,2,0,2,0,2,0,2,0,2,0,2,0,2,1,1,0,2,2,0,2,0,0,2,0,2,2,0,2,0,0,2,2,0,0,2,2,0,0,2,0,2,0,2,2,0,0,2,2,0,0,2,0,2,0,2,2,0,0,2,2,0,0,2,2,0,2,0,0,2,2,0,2,0,0,2,NA,NA,0,2,0,2,2,0,0,2,0,2,0,2,0,2,0,2,0,2,2,0,2,0,2,0,0,2,2,0,0,2,0,2,0,2,NA,NA,NA,NA,0,2,0,2,2,0,0,2
White bass,0,2,0,2,0,2,0,2,0,2,0,2,0,2,1,1,0,2,2,0,2,0,0,2,0,2,2,0,2,0,0,2,2,0,0,2,2,0,0,2,0,2,0,2,2,0,0,2,2,0,0,2,0,2,0,2,2,0,0,2,2,0,0,2,2,0,2,0,0,2,2,0,2,0,0,2,NA,NA,0,2,0,2,2,0,0,2,0,2,0,2,0,2,0,2,0,2,2,0,2,0,2,0,0,2,2,0,0,2,0,2,0,2,NA,NA,NA,NA,0,2,0,2,2,0,0,2
White bass,0,2,0,2,0,2,0,2,0,2,0,2,0,2,1,1,0,2,2,0,2,0,0,2,0,2,2,0,2,0,0,2,2,0,0,2,2,0,0,2,0,2,0,2,2,0,0,2,2,0,0,2,0,2,0,2,2,0,0,2,2,0,0,2,2,0,2,0,0,2,2,0,2,0,0,2,NA,NA,0,2,0,2,2,0,0,2,0,2,0,2,0,2,0,2,0,2,2,0,2,0,2,0,0,2,2,0,0,2,0,2,0,2,NA,NA,NA,NA,0,2,0,2,2,0,0,2
White bass,0,2,0,2,0,2,0,2,0,2,0,2,0,2,1,1,0,2,2,0,2,0,0,2,0,2,2,0,2,0,0,2,2,0,0,2,2,0,0,2,0,2,0,2,2,0,NA,NA,2,0,0,2,0,2,0,2,2,0,0,2,2,0,0,2,2,0,2,0,0,2,2,0,2,0,0,2,NA,NA,0,2,0,2,2,0,0,2,0,2,0,2,0,2,0,2,0,2,2,0,2,0,2,0,0,2,NA,NA,0,2,0,2,0,2,NA,NA,NA,NA,0,2,0,2,2,0,0,2
White bass,0,2,0,2,0,2,0,2,0,2,0,2,0,2,1,1,0,2,2,0,2,0,0,2,0,2,2,0,2,0,0,2,2,0,0,2,2,0,0,2,0,2,0,2,2,0,0,2,2,0,0,2,0,2,0,2,2,0,0,2,2,0,0,2,2,0,2,0,0,2,2,0,2,0,0,2,NA,NA,0,2,0,2,2,0,0,2,0,2,0,2,0,2,0,2,0,2,2,0,2,0,2,0,0,2,2,0,0,2,0,2,0,2,NA,NA,NA,NA,0,2,0,2,2,0,0,2
White bass,0,2,0,2,0,2,0,2,0,2,0,2,0,2,1,1,0,2,2,0,2,0,0,2,0,2,2,0,2,0,0,2,2,0,0,2,2,0,0,2,0,2,0,2,2,0,0,2,2,0,0,2,0,2,0,2,2,0,0,2,2,0,0,2,2,0,2,0,0,2,2,0,2,0,0,2,NA,NA,0,2,0,2,2,0,0,2,0,2,0,2,0,2,0,2,0,2,2,0,2,0,2,0,0,2,2,0,0,2,0,2,0,2,NA,NA,NA,NA,0,2,0,2,2,0,0,2
White bass,0,2,0,2,0,2,0,2,0,2,0,2,0,2,1,1,0,2,2,0,2,0,0,2,0,2,2,0,2,0,0,2,2,0,0,2,2,0,0,2,0,2,0,2,2,0,0,2,2,0,0,2,0,2,0,2,2,0,0,2,2,0,0,2,2,0,2,0,0,2,2,0,2,0,0,2,NA,NA,0,2,0,2,2,0,0,2,0,2,0,2,0,2,0,2,0,2,2,0,2,0,2,0,0,2,2,0,0,2,0,2,0,2,NA,NA,NA,NA,0,2,0,2,2,0,0,2
White bass,0,2,0,2,0,2,0,2,0,2,0,2,0,2,1,1,0,2,2,0,2,0,0,2,0,2,2,0,2,0,0,2,2,0,0,2,2,0,0,2,0,2,0,2,2,0,0,2,2,0,0,2,0,2,0,2,2,0,0,2,2,0,0,2,2,0,2,0,0,2,2,0,2,0,0,2,NA,NA,0,2,0,2,2,0,0,2,0,2,0,2,0,2,0,2,0,2,2,0,2,0,2,0,0,2,2,0,0,2,0,2,0,2,NA,NA,NA,NA,0,2,0,2,2,0,0,2
White bass,0,2,0,2,0,2,0,2,0,2,0,2,0,2,1,1,0,2,2,0,2,0,0,2,0,2,2,0,2,0,0,2,2,0,0,2,2,0,0,2,0,2,0,2,2,0,0,2,2,0,0,2,0,2,0,2,2,0,0,2,2,0,0,2,2,0,2,0,0,2,2,0,2,0,0,2,NA,NA,0,2,0,2,2,0,0,2,0,2,0,2,0,2,0,2,0,2,2,0,2,0,2,0,0,2,NA,NA,0,2,0,2,0,2,NA,NA,NA,NA,0,2,0,2,2,0,0,2
White bass,0,2,0,2,0,2,0,2,0,2,0,2,0,2,1,1,0,2,2,0,2,0,0,2,0,2,2,0,2,0,0,2,2,0,0,2,2,0,0,2,0,2,0,2,2,0,0,2,2,0,0,2,0,2,0,2,2,0,0,2,2,0,0,2,2,0,2,0,0,2,2,0,2,0,0,2,NA,NA,0,2,0,2,2,0,0,2,0,2,0,2,0,2,0,2,0,2,2,0,2,0,2,0,0,2,2,0,0,2,0,2,0,2,NA,NA,NA,NA,0,2,0,2,2,0,0,2
White bass,0,2,0,2,0,2,0,2,0,2,0,2,0,2,1,1,0,2,2,0,2,0,0,2,0,2,2,0,2,0,0,2,2,0,0,2,2,0,0,2,0,2,0,2,2,0,0,2,2,0,0,2,0,2,0,2,2,0,0,2,2,0,0,2,2,0,2,0,0,2,2,0,2,0,0,2,NA,NA,0,2,0,2,2,0,0,2,0,2,0,2,0,2,0,2,0,2,2,0,2,0,2,0,0,2,2,0,0,2,0,2,0,2,NA,NA,NA,NA,0,2,0,2,2,0,0,2
White bass,0,2,0,2,0,2,0,2,0,2,0,2,0,2,1,1,0,2,2,0,2,0,0,2,0,2,2,0,2,0,0,2,2,0,0,2,2,0,0,2,0,2,0,2,2,0,0,2,2,0,0,2,0,2,0,2,2,0,0,2,2,0,0,2,2,0,2,0,0,2,2,0,2,0,0,2,NA,NA,0,2,0,2,2,0,0,2,0,2,0,2,0,2,0,2,0,2,2,0,2,0,2,0,0,2,2,0,0,2,0,2,0,2,NA,NA,NA,NA,0,2,0,2,2,0,0,2
White bass,0,2,0,2,0,2,0,2,0,2,0,2,0,2,1,1,0,2,2,0,2,0,0,2,0,2,2,0,2,0,0,2,2,0,0,2,2,0,0,2,0,2,0,2,2,0,0,2,2,0,0,2,0,2,0,2,2,0,0,2,2,0,0,2,2,0,2,0,0,2,2,0,2,0,0,2,NA,NA,0,2,0,2,2,0,0,2,0,2,0,2,0,2,0,2,0,2,2,0,2,0,2,0,0,2,2,0,0,2,0,2,0,2,NA,NA,NA,NA,0,2,0,2,2,0,0,2
White bass,0,2,0,2,0,2,0,2,0,2,0,2,0,2,1,1,0,2,2,0,2,0,0,2,0,2,2,0,2,0,0,2,2,0,0,2,2,0,0,2,0,2,0,2,2,0,0,2,2,0,0,2,0,2,0,2,2,0,0,2,2,0,0,2,2,0,2,0,0,2,2,0,2,0,0,2,NA,NA,0,2,0,2,2,0,0,2,0,2,0,2,0,2,0,2,0,2,2,0,2,0,2,0,0,2,2,0,0,2,0,2,0,2,NA,NA,NA,NA,0,2,0,2,2,0,0,2
White bass,0,2,0,2,0,2,0,2,0,2,0,2,0,2,1,1,0,2,2,0,2,0,0,2,0,2,2,0,2,0,0,2,2,0,0,2,2,0,0,2,0,2,0,2,2,0,0,2,2,0,0,2,0,2,0,2,2,0,0,2,2,0,0,2,2,0,2,0,0,2,2,0,2,0,0,2,NA,NA,0,2,0,2,2,0,0,2,0,2,0,2,0,2,0,2,0,2,2,0,2,0,2,0,0,2,2,0,0,2,0,2,0,2,NA,NA,NA,NA,0,2,0,2,2,0,0,2
White bass,0,2,0,2,0,2,0,2,0,2,0,2,0,2,1,1,0,2,2,0,2,0,0,2,0,2,2,0,2,0,0,2,2,0,0,2,2,0,0,2,0,2,0,2,2,0,0,2,2,0,0,2,0,2,0,2,2,0,0,2,2,0,0,2,2,0,2,0,0,2,2,0,2,0,0,2,NA,NA,0,2,0,2,2,0,0,2,0,2,0,2,0,2,0,2,0,2,2,0,2,0,2,0,0,2,2,0,0,2,0,2,0,2,NA,NA,NA,NA,0,2,0,2,2,0,0,2
White bass,0,2,0,2,0,2,0,2,0,2,0,2,0,2,1,1,0,2,2,0,2,0,0,2,0,2,2,0,2,0,0,2,2,0,0,2,2,0,0,2,0,2,0,2,2,0,0,2,2,0,0,2,0,2,0,2,2,0,0,2,2,0,0,2,2,0,2,0,0,2,2,0,2,0,0,2,NA,NA,0,2,0,2,2,0,0,2,0,2,0,2,0,2,0,2,0,2,2,0,2,0,2,0,0,2,2,0,0,2,0,2,0,2,NA,NA,NA,NA,0,2,0,2,2,0,0,2
White bass,0,2,0,2,0,2,0,2,0,2,0,2,0,2,1,1,0,2,2,0,2,0,0,2,0,2,2,0,2,0,0,2,2,0,0,2,2,0,0,2,0,2,0,2,2,0,0,2,2,0,0,2,0,2,0,2,2,0,0,2,2,0,0,2,2,0,2,0,0,2,2,0,2,0,0,2,NA,NA,0,2,0,2,2,0,0,2,0,2,0,2,0,2,0,2,0,2,2,0,2,0,2,0,0,2,2,0,0,2,0,2,0,2,NA,NA,NA,NA,0,2,0,2,2,0,0,2
White bass,0,2,0,2,0,2,0,2,0,2,0,2,0,2,1,1,0,2,2,0,2,0,0,2,0,2,2,0,2,0,0,2,2,0,0,2,2,0,0,2,0,2,0,2,2,0,0,2,2,0,0,2,0,2,0,2,2,0,0,2,2,0,0,2,2,0,2,0,0,2,2,0,2,0,0,2,NA,NA,0,2,0,2,2,0,0,2,0,2,0,2,0,2,0,2,0,2,2,0,2,0,2,0,0,2,2,0,0,2,0,2,0,2,NA,NA,NA,NA,0,2,0,2,2,0,0,2
White bass,0,2,0,2,0,2,0,2,0,2,0,2,0,2,1,1,0,2,2,0,2,0,0,2,0,2,2,0,2,0,0,2,2,0,0,2,2,0,0,2,0,2,0,2,2,0,0,2,2,0,0,2,0,2,0,2,2,0,0,2,2,0,0,2,2,0,2,0,0,2,2,0,2,0,0,2,NA,NA,0,2,0,2,2,0,0,2,0,2,0,2,0,2,0,2,0,2,2,0,2,0,2,0,0,2,2,0,0,2,0,2,0,2,NA,NA,NA,NA,0,2,0,2,2,0,0,2
White bass,0,2,0,2,0,2,0,2,0,2,0,2,0,2,1,1,0,2,2,0,2,0,0,2,0,2,2,0,2,0,0,2,2,0,0,2,2,0,0,2,0,2,0,2,2,0,0,2,2,0,0,2,0,2,0,2,2,0,0,2,2,0,0,2,2,0,2,0,0,2,2,0,2,0,0,2,NA,NA,0,2,0,2,2,0,0,2,0,2,0,2,0,2,0,2,0,2,2,0,2,0,2,0,0,2,2,0,0,2,0,2,0,2,NA,NA,NA,NA,0,2,0,2,2,0,0,2
White bass,0,2,0,2,0,2,0,2,0,2,0,2,0,2,1,1,0,2,2,0,2,0,0,2,0,2,2,0,2,0,0,2,2,0,0,2,2,0,0,2,0,2,0,2,2,0,0,2,2,0,0,2,0,2,0,2,2,0,0,2,2,0,0,2,2,0,2,0,0,2,2,0,2,0,0,2,NA,NA,0,2,0,2,2,0,0,2,0,2,0,2,0,2,0,2,0,2,2,0,2,0,2,0,0,2,2,0,0,2,0,2,0,2,NA,NA,NA,NA,0,2,0,2,2,0,0,2
White bass,0,2,0,2,0,2,0,2,0,2,0,2,0,2,1,1,0,2,2,0,2,0,0,2,0,2,2,0,2,0,0,2,2,0,0,2,2,0,0,2,0,2,0,2,2,0,0,2,2,0,0,2,0,2,0,2,2,0,0,2,2,0,0,2,2,0,2,0,0,2,2,0,2,0,0,2,NA,NA,0,2,0,2,2,0,0,2,0,2,0,2,0,2,0,2,0,2,2,0,2,0,2,0,0,2,2,0,0,2,0,2,0,2,NA,NA,NA,NA,0,2,0,2,2,0,0,2
White bass,0,2,0,2,0,2,0,2,0,2,0,2,0,2,1,1,0,2,2,0,2,0,0,2,0,2,2,0,2,0,0,2,2,0,0,2,2,0,0,2,0,2,0,2,2,0,NA,NA,2,0,0,2,0,2,0,2,2,0,0,2,2,0,0,2,2,0,2,0,0,2,2,0,2,0,0,2,NA,NA,0,2,0,2,2,0,0,2,0,2,0,2,0,2,0,2,0,2,2,0,2,0,2,0,0,2,2,0,0,2,0,2,0,2,NA,NA,NA,NA,0,2,0,2,2,0,0,2
White bass,0,2,0,2,0,2,0,2,0,2,0,2,0,2,1,1,0,2,2,0,2,0,0,2,0,2,2,0,2,0,0,2,2,0,0,2,2,0,0,2,0,2,0,2,2,0,NA,NA,2,0,0,2,0,2,0,2,2,0,0,2,2,0,0,2,2,0,2,0,0,2,2,0,2,0,0,2,NA,NA,0,2,0,2,2,0,0,2,0,2,0,2,0,2,0,2,0,2,2,0,2,0,2,0,0,2,2,0,0,2,0,2,0,2,NA,NA,NA,NA,0,2,0,2,2,0,0,2
White bass,0,2,0,2,0,2,0,2,0,2,0,2,0,2,1,1,0,2,2,0,2,0,0,2,0,2,2,0,2,0,0,2,2,0,0,2,2,0,0,2,0,2,0,2,2,0,NA,NA,2,0,0,2,0,2,0,2,2,0,0,2,2,0,0,2,2,0,2,0,0,2,2,0,2,0,0,2,NA,NA,0,2,0,2,2,0,0,2,0,2,0,2,0,2,0,2,0,2,2,0,2,0,2,0,0,2,2,0,0,2,0,2,0,2,NA,NA,NA,NA,0,2,0,2,2,0,0,2
White bass,0,2,0,2,0,2,0,2,0,2,0,2,0,2,1,1,0,2,2,0,2,0,0,2,0,2,2,0,2,0,0,2,2,0,0,2,2,0,0,2,0,2,0,2,2,0,0,2,2,0,0,2,0,2,0,2,2,0,0,2,2,0,0,2,2,0,2,0,0,2,2,0,2,0,0,2,NA,NA,0,2,0,2,2,0,0,2,0,2,0,2,0,2,0,2,0,2,2,0,2,0,2,0,0,2,2,0,0,2,0,2,0,2,NA,NA,NA,NA,0,2,0,2,2,0,0,2
White bass,0,2,0,2,0,2,0,2,0,2,0,2,0,2,1,1,0,2,2,0,2,0,0,2,0,2,2,0,2,0,0,2,2,0,0,2,2,0,0,2,0,2,0,2,2,0,NA,NA,2,0,0,2,0,2,0,2,2,0,0,2,2,0,0,2,2,0,2,0,0,2,2,0,2,0,0,2,NA,NA,0,2,0,2,2,0,0,2,0,2,0,2,0,2,0,2,0,2,2,0,2,0,2,0,0,2,2,0,0,2,0,2,0,2,NA,NA,NA,NA,0,2,0,2,2,0,0,2
White bass,0,2,0,2,0,2,0,2,0,2,0,2,0,2,1,1,0,2,2,0,2,0,0,2,0,2,2,0,2,0,0,2,2,0,0,2,2,0,0,2,0,2,0,2,2,0,0,2,2,0,0,2,0,2,0,2,2,0,0,2,2,0,0,2,2,0,2,0,0,2,2,0,2,0,0,2,NA,NA,0,2,0,2,2,0,0,2,0,2,0,2,0,2,0,2,0,2,2,0,2,0,2,0,0,2,2,0,0,2,0,2,0,2,NA,NA,NA,NA,0,2,0,2,2,0,0,2
White bass,0,2,0,2,0,2,0,2,0,2,0,2,0,2,1,1,0,2,2,0,2,0,0,2,0,2,2,0,2,0,0,2,2,0,0,2,2,0,0,2,0,2,0,2,2,0,0,2,2,0,0,2,0,2,0,2,2,0,0,2,2,0,0,2,2,0,2,0,0,2,2,0,2,0,0,2,NA,NA,0,2,0,2,2,0,0,2,0,2,0,2,0,2,0,2,0,2,2,0,2,0,2,0,0,2,2,0,0,2,0,2,0,2,NA,NA,NA,NA,0,2,0,2,2,0,0,2
White bass,0,2,NA,NA,NA,NA,NA,NA,NA,NA,NA,NA,NA,NA,1,1,NA,NA,NA,NA,NA,NA,NA,NA,NA,NA,NA,NA,NA,NA,NA,NA,NA,NA,NA,NA,NA,NA,NA,NA,NA,NA,NA,NA,NA,NA,NA,NA,NA,NA,NA,NA,0,2,NA,NA,NA,NA,NA,NA,NA,NA,NA,NA,NA,NA,NA,NA,NA,NA,NA,NA,NA,NA,NA,NA,NA,NA,NA,NA,NA,NA,NA,NA,NA,NA,NA,NA,NA,NA,NA,NA,NA,NA,NA,NA,NA,NA,NA,NA,NA,NA,NA,NA,NA,NA,NA,NA,NA,NA,NA,NA,NA,NA,NA,NA,NA,NA,NA,NA,NA,NA,NA,NA
White perch,2,0,NA,NA,NA,NA,NA,NA,NA,NA,NA,NA,NA,NA,NA,NA,NA,NA,NA,NA,NA,NA,NA,NA,NA,NA,NA,NA,NA,NA,NA,NA,NA,NA,NA,NA,NA,NA,NA,NA,NA,NA,NA,NA,NA,NA,NA,NA,NA,NA,NA,NA,NA,NA,NA,NA,NA,NA,NA,NA,NA,NA,1,1,2,0,2,0,NA,NA,NA,NA,NA,NA,NA,NA,NA,NA,NA,NA,NA,NA,NA,NA,NA,NA,NA,NA,NA,NA,NA,NA,2,0,NA,NA,NA,NA,NA,NA,NA,NA,NA,NA,NA,NA,NA,NA,NA,NA,NA,NA,NA,NA,NA,NA,NA,NA,NA,NA,NA,NA,NA,NA
White perch,2,0,0,2,0,2,2,0,0,2,0,2,2,0,2,0,2,0,0,2,0,2,0,2,2,0,1,1,2,0,2,0,2,0,2,0,2,0,0,2,0,2,0,2,0,2,NA,NA,0,2,2,0,2,0,0,2,0,2,0,2,2,0,2,0,2,0,2,0,2,0,0,2,0,2,2,0,2,0,2,0,2,0,2,0,0,2,0,2,2,0,2,0,2,0,2,0,0,2,2,0,0,2,0,2,0,2,2,0,2,0,2,0,0,2,0,2,2,0,2,0,2,0,2,0
White perch,2,0,0,2,0,2,2,0,0,2,0,2,2,0,2,0,2,0,0,2,0,2,0,2,2,0,2,0,2,0,2,0,2,0,2,0,2,0,0,2,0,2,0,2,0,2,NA,NA,0,2,2,0,2,0,0,2,0,2,0,2,2,0,2,0,2,0,2,0,2,0,0,2,0,2,2,0,2,0,2,0,2,0,2,0,0,2,0,2,2,0,2,0,2,0,2,0,0,2,2,0,0,2,0,2,0,2,2,0,2,0,2,0,0,2,0,2,2,0,2,0,2,0,2,0
White perch,2,0,0,2,0,2,2,0,0,2,0,2,2,0,2,0,2,0,0,2,0,2,0,2,2,0,1,1,2,0,2,0,2,0,2,0,2,0,0,2,0,2,0,2,0,2,NA,NA,0,2,2,0,2,0,0,2,0,2,0,2,2,0,2,0,2,0,2,0,2,0,0,2,0,2,2,0,2,0,2,0,2,0,2,0,0,2,0,2,2,0,2,0,2,0,2,0,0,2,2,0,0,2,0,2,0,2,2,0,2,0,2,0,0,2,0,2,2,0,2,0,2,0,2,0
White perch,2,0,0,2,0,2,2,0,0,2,0,2,2,0,2,0,2,0,0,2,0,2,0,2,2,0,1,1,2,0,2,0,2,0,2,0,2,0,0,2,0,2,0,2,0,2,NA,NA,0,2,2,0,2,0,0,2,0,2,0,2,2,0,2,0,2,0,2,0,2,0,0,2,0,2,2,0,2,0,2,0,2,0,2,0,0,2,0,2,2,0,2,0,2,0,2,0,0,2,2,0,0,2,0,2,0,2,2,0,2,0,2,0,0,2,0,2,2,0,2,0,2,0,2,0
White perch,2,0,0,2,0,2,2,0,0,2,0,2,2,0,2,0,2,0,0,2,0,2,0,2,2,0,0,2,2,0,2,0,2,0,2,0,2,0,0,2,0,2,0,2,0,2,NA,NA,0,2,2,0,2,0,0,2,0,2,0,2,2,0,2,0,2,0,2,0,2,0,0,2,0,2,2,0,2,0,2,0,2,0,2,0,0,2,0,2,2,0,2,0,2,0,2,0,0,2,2,0,0,2,0,2,0,2,2,0,2,0,2,0,0,2,0,2,2,0,2,0,2,0,2,0
White perch,2,0,0,2,0,2,2,0,0,2,0,2,2,0,2,0,2,0,0,2,0,2,0,2,2,0,0,2,2,0,2,0,2,0,2,0,2,0,0,2,0,2,0,2,0,2,NA,NA,0,2,2,0,2,0,0,2,0,2,0,2,2,0,2,0,2,0,2,0,2,0,0,2,0,2,2,0,2,0,2,0,2,0,2,0,0,2,0,2,2,0,2,0,2,0,2,0,0,2,2,0,0,2,0,2,0,2,2,0,2,0,2,0,0,2,0,2,2,0,2,0,2,0,2,0
White perch,2,0,0,2,0,2,2,0,0,2,0,2,2,0,2,0,2,0,0,2,0,2,0,2,2,0,1,1,2,0,2,0,2,0,2,0,2,0,0,2,0,2,0,2,0,2,NA,NA,0,2,2,0,2,0,0,2,0,2,0,2,2,0,2,0,2,0,2,0,2,0,0,2,0,2,2,0,2,0,2,0,2,0,2,0,0,2,0,2,2,0,2,0,2,0,2,0,0,2,2,0,0,2,0,2,0,2,2,0,2,0,2,0,0,2,0,2,2,0,2,0,2,0,2,0
White perch,2,0,0,2,0,2,2,0,0,2,0,2,2,0,2,0,2,0,0,2,0,2,0,2,2,0,0,2,2,0,2,0,2,0,2,0,2,0,0,2,0,2,0,2,0,2,NA,NA,0,2,2,0,2,0,0,2,0,2,0,2,2,0,2,0,2,0,2,0,2,0,0,2,0,2,2,0,2,0,2,0,2,0,2,0,0,2,0,2,2,0,2,0,2,0,2,0,0,2,2,0,0,2,0,2,0,2,2,0,2,0,2,0,0,2,0,2,2,0,2,0,2,0,2,0
White perch,2,0,0,2,0,2,2,0,0,2,0,2,2,0,2,0,2,0,0,2,0,2,0,2,2,0,0,2,2,0,2,0,2,0,2,0,2,0,0,2,0,2,0,2,0,2,NA,NA,0,2,2,0,2,0,0,2,0,2,0,2,2,0,2,0,2,0,2,0,2,0,0,2,0,2,2,0,2,0,2,0,2,0,2,0,0,2,0,2,2,0,2,0,2,0,2,0,0,2,2,0,0,2,0,2,0,2,2,0,2,0,2,0,0,2,0,2,2,0,2,0,2,0,2,0
White perch,2,0,0,2,0,2,2,0,0,2,0,2,2,0,2,0,2,0,0,2,0,2,0,2,2,0,1,1,2,0,2,0,2,0,2,0,2,0,0,2,0,2,0,2,0,2,NA,NA,0,2,2,0,2,0,0,2,0,2,0,2,2,0,2,0,2,0,2,0,2,0,0,2,0,2,2,0,2,0,2,0,2,0,2,0,0,2,0,2,2,0,2,0,2,0,2,0,0,2,2,0,0,2,0,2,0,2,2,0,2,0,2,0,0,2,0,2,2,0,2,0,2,0,2,0
White perch,2,0,0,2,0,2,2,0,0,2,0,2,2,0,2,0,2,0,0,2,0,2,0,2,2,0,0,2,2,0,2,0,2,0,2,0,2,0,0,2,NA,NA,0,2,0,2,NA,NA,0,2,2,0,2,0,0,2,0,2,0,2,2,0,2,0,2,0,2,0,2,0,0,2,0,2,2,0,2,0,2,0,2,0,2,0,0,2,0,2,2,0,2,0,2,0,2,0,0,2,2,0,0,2,0,2,0,2,2,0,2,0,2,0,0,2,0,2,2,0,2,0,2,0,2,0
White perch,2,0,0,2,0,2,2,0,0,2,0,2,2,0,2,0,NA,NA,NA,NA,NA,NA,0,2,2,0,1,1,2,0,2,0,2,0,2,0,2,0,0,2,NA,NA,0,2,0,2,NA,NA,0,2,2,0,2,0,0,2,0,2,0,2,2,0,2,0,2,0,2,0,2,0,0,2,0,2,2,0,2,0,2,0,2,0,2,0,0,2,0,2,2,0,2,0,2,0,2,0,0,2,2,0,0,2,0,2,0,2,2,0,2,0,2,0,0,2,0,2,2,0,2,0,2,0,2,0
White perch,2,0,NA,NA,0,2,2,0,0,2,0,2,2,0,2,0,NA,NA,NA,NA,NA,NA,0,2,2,0,1,1,2,0,2,0,2,0,2,0,2,0,0,2,NA,NA,0,2,0,2,NA,NA,0,2,2,0,2,0,0,2,0,2,0,2,2,0,2,0,2,0,2,0,2,0,0,2,0,2,2,0,2,0,2,0,2,0,2,0,0,2,0,2,2,0,2,0,2,0,2,0,0,2,2,0,0,2,0,2,0,2,2,0,2,0,2,0,0,2,0,2,2,0,2,0,2,0,2,0
White perch,2,0,NA,NA,0,2,2,0,0,2,0,2,2,0,2,0,NA,NA,NA,NA,NA,NA,0,2,2,0,2,0,2,0,2,0,2,0,2,0,2,0,0,2,NA,NA,0,2,0,2,NA,NA,0,2,2,0,2,0,0,2,0,2,NA,NA,2,0,2,0,2,0,2,0,2,0,0,2,0,2,NA,NA,2,0,2,0,2,0,2,0,NA,NA,0,2,2,0,2,0,2,0,2,0,0,2,2,0,0,2,0,2,0,2,2,0,2,0,2,0,0,2,0,2,NA,NA,2,0,2,0,2,0
White perch,2,0,NA,NA,0,2,2,0,NA,NA,NA,NA,NA,NA,NA,NA,NA,NA,NA,NA,NA,NA,0,2,2,0,1,1,2,0,2,0,2,0,2,0,2,0,NA,NA,NA,NA,NA,NA,NA,NA,NA,NA,0,2,2,0,NA,NA,NA,NA,NA,NA,NA,NA,2,0,2,0,2,0,2,0,2,0,1,1,1,1,NA,NA,2,0,2,0,2,0,2,0,NA,NA,0,2,2,0,2,0,2,0,NA,NA,NA,NA,NA,NA,0,2,0,2,NA,NA,NA,NA,NA,NA,NA,NA,NA,NA,NA,NA,NA,NA,2,0,2,0,2,0
White perch,2,0,0,2,0,2,2,0,0,2,0,2,2,0,2,0,NA,NA,NA,NA,NA,NA,0,2,2,0,0,2,2,0,2,0,2,0,2,0,2,0,0,2,0,2,0,2,0,2,NA,NA,0,2,2,0,2,0,0,2,0,2,0,2,2,0,2,0,2,0,2,0,2,0,0,2,0,2,2,0,2,0,2,0,2,0,2,0,0,2,0,2,2,0,2,0,2,0,2,0,0,2,2,0,0,2,0,2,0,2,2,0,2,0,2,0,0,2,0,2,2,0,2,0,2,0,2,0
White perch,2,0,0,2,0,2,2,0,0,2,0,2,2,0,2,0,NA,NA,NA,NA,NA,NA,0,2,2,0,1,1,2,0,2,0,2,0,2,0,2,0,0,2,NA,NA,0,2,0,2,NA,NA,0,2,2,0,2,0,0,2,0,2,0,2,2,0,2,0,2,0,2,0,2,0,0,2,0,2,2,0,2,0,2,0,2,0,2,0,0,2,0,2,2,0,2,0,2,0,2,0,0,2,2,0,0,2,0,2,0,2,2,0,2,0,2,0,0,2,0,2,2,0,2,0,2,0,2,0
White perch,2,0,NA,NA,NA,NA,2,0,0,2,0,2,NA,NA,NA,NA,NA,NA,NA,NA,NA,NA,NA,NA,NA,NA,NA,NA,NA,NA,2,0,2,0,2,0,2,0,0,2,NA,NA,NA,NA,NA,NA,NA,NA,NA,NA,NA,NA,2,0,0,2,NA,NA,NA,NA,2,0,2,0,2,0,2,0,2,0,0,2,0,2,NA,NA,2,0,2,0,2,0,2,0,0,2,0,2,2,0,2,0,2,0,2,0,0,2,2,0,0,2,0,2,NA,NA,2,0,2,0,2,0,1,1,1,1,NA,NA,NA,NA,NA,NA,NA,NA
White perch,2,0,0,2,0,2,2,0,0,2,0,2,2,0,2,0,2,0,0,2,0,2,0,2,2,0,1,1,2,0,2,0,2,0,2,0,2,0,0,2,0,2,0,2,0,2,NA,NA,0,2,2,0,2,0,0,2,0,2,0,2,2,0,2,0,2,0,2,0,2,0,0,2,0,2,2,0,2,0,2,0,2,0,2,0,0,2,0,2,2,0,2,0,2,0,2,0,0,2,2,0,0,2,0,2,0,2,2,0,2,0,2,0,0,2,0,2,2,0,2,0,2,0,2,0
White perch,2,0,0,2,0,2,2,0,0,2,0,2,2,0,2,0,2,0,0,2,0,2,0,2,2,0,0,2,2,0,2,0,2,0,2,0,2,0,0,2,0,2,0,2,0,2,NA,NA,0,2,2,0,2,0,0,2,0,2,0,2,2,0,2,0,2,0,2,0,2,0,0,2,0,2,2,0,2,0,2,0,2,0,2,0,0,2,0,2,2,0,2,0,2,0,2,0,0,2,2,0,0,2,0,2,0,2,2,0,2,0,2,0,0,2,0,2,2,0,2,0,2,0,2,0
White perch,2,0,0,2,0,2,2,0,0,2,0,2,2,0,2,0,2,0,0,2,0,2,0,2,2,0,1,1,2,0,2,0,2,0,2,0,2,0,0,2,0,2,0,2,0,2,NA,NA,0,2,2,0,2,0,0,2,0,2,0,2,2,0,2,0,2,0,2,0,2,0,0,2,0,2,2,0,2,0,2,0,2,0,2,0,0,2,0,2,2,0,2,0,2,0,2,0,0,2,2,0,0,2,0,2,0,2,2,0,2,0,2,0,0,2,0,2,2,0,2,0,2,0,2,0
White perch,2,0,0,2,0,2,2,0,0,2,0,2,2,0,2,0,2,0,0,2,0,2,0,2,2,0,0,2,2,0,2,0,2,0,2,0,2,0,0,2,0,2,0,2,0,2,NA,NA,0,2,2,0,2,0,0,2,0,2,0,2,2,0,2,0,2,0,2,0,2,0,0,2,0,2,2,0,2,0,2,0,2,0,2,0,0,2,0,2,2,0,2,0,2,0,2,0,0,2,2,0,0,2,0,2,0,2,2,0,2,0,2,0,0,2,0,2,2,0,2,0,2,0,2,0
White perch,2,0,0,2,0,2,2,0,0,2,0,2,2,0,2,0,2,0,0,2,0,2,0,2,2,0,0,2,2,0,2,0,2,0,2,0,2,0,0,2,0,2,0,2,0,2,NA,NA,0,2,2,0,2,0,0,2,0,2,0,2,2,0,2,0,2,0,2,0,2,0,0,2,0,2,2,0,2,0,2,0,2,0,2,0,0,2,0,2,2,0,2,0,2,0,2,0,0,2,2,0,0,2,0,2,0,2,2,0,2,0,2,0,0,2,0,2,2,0,2,0,2,0,2,0
White perch,2,0,0,2,0,2,2,0,0,2,0,2,2,0,2,0,2,0,0,2,0,2,0,2,2,0,1,1,2,0,2,0,2,0,2,0,2,0,0,2,0,2,0,2,0,2,NA,NA,0,2,2,0,2,0,0,2,0,2,0,2,2,0,2,0,2,0,2,0,2,0,0,2,0,2,2,0,2,0,2,0,2,0,2,0,0,2,0,2,2,0,2,0,2,0,2,0,0,2,2,0,0,2,0,2,0,2,2,0,2,0,2,0,0,2,0,2,2,0,2,0,2,0,2,0
White perch,2,0,0,2,0,2,2,0,0,2,0,2,2,0,2,0,2,0,0,2,0,2,0,2,2,0,1,1,2,0,2,0,2,0,2,0,2,0,0,2,0,2,0,2,0,2,NA,NA,0,2,2,0,2,0,0,2,0,2,0,2,2,0,2,0,2,0,2,0,2,0,0,2,0,2,2,0,2,0,2,0,2,0,2,0,0,2,0,2,2,0,2,0,2,0,2,0,0,2,2,0,0,2,0,2,0,2,2,0,2,0,2,0,0,2,0,2,2,0,2,0,2,0,2,0
White perch,2,0,0,2,0,2,2,0,0,2,0,2,2,0,2,0,2,0,0,2,0,2,0,2,2,0,0,2,2,0,2,0,2,0,2,0,2,0,0,2,0,2,0,2,0,2,NA,NA,0,2,2,0,2,0,0,2,0,2,0,2,2,0,2,0,2,0,2,0,2,0,0,2,0,2,2,0,2,0,2,0,2,0,2,0,0,2,0,2,2,0,2,0,2,0,2,0,0,2,2,0,0,2,0,2,0,2,2,0,2,0,2,0,0,2,0,2,2,0,2,0,2,0,2,0
White perch,2,0,0,2,0,2,2,0,0,2,0,2,2,0,2,0,2,0,0,2,0,2,0,2,2,0,0,2,2,0,2,0,2,0,2,0,2,0,0,2,0,2,0,2,0,2,NA,NA,0,2,2,0,2,0,0,2,0,2,0,2,2,0,2,0,2,0,2,0,2,0,0,2,0,2,2,0,2,0,2,0,2,0,2,0,0,2,0,2,2,0,2,0,2,0,2,0,0,2,2,0,0,2,0,2,0,2,2,0,2,0,2,0,0,2,0,2,2,0,2,0,2,0,2,0
White perch,2,0,0,2,0,2,2,0,0,2,0,2,2,0,2,0,2,0,0,2,0,2,0,2,2,0,0,2,2,0,2,0,2,0,2,0,2,0,0,2,0,2,0,2,0,2,NA,NA,0,2,2,0,2,0,0,2,0,2,0,2,2,0,2,0,2,0,2,0,2,0,0,2,0,2,2,0,2,0,2,0,2,0,2,0,0,2,0,2,2,0,2,0,2,0,2,0,0,2,2,0,0,2,0,2,0,2,2,0,2,0,2,0,0,2,0,2,2,0,2,0,2,0,2,0
White perch,2,0,0,2,0,2,2,0,0,2,0,2,2,0,2,0,2,0,0,2,0,2,0,2,2,0,1,1,2,0,2,0,2,0,2,0,2,0,0,2,0,2,0,2,0,2,NA,NA,0,2,2,0,2,0,0,2,0,2,0,2,2,0,2,0,2,0,2,0,2,0,0,2,0,2,2,0,2,0,2,0,2,0,2,0,0,2,0,2,2,0,2,0,2,0,2,0,0,2,2,0,0,2,0,2,0,2,2,0,2,0,2,0,0,2,0,2,2,0,2,0,2,0,2,0
White perch,2,0,0,2,0,2,2,0,0,2,0,2,2,0,2,0,2,0,0,2,0,2,0,2,2,0,0,2,2,0,2,0,2,0,2,0,2,0,0,2,0,2,0,2,0,2,NA,NA,0,2,2,0,2,0,0,2,0,2,0,2,2,0,2,0,2,0,2,0,2,0,0,2,0,2,2,0,2,0,2,0,2,0,2,0,0,2,0,2,2,0,2,0,2,0,2,0,0,2,2,0,0,2,0,2,0,2,2,0,2,0,2,0,0,2,0,2,2,0,2,0,2,0,2,0
White perch,2,0,0,2,0,2,2,0,0,2,0,2,2,0,2,0,2,0,0,2,0,2,0,2,2,0,1,1,2,0,2,0,2,0,2,0,2,0,0,2,0,2,0,2,0,2,NA,NA,0,2,2,0,2,0,0,2,0,2,0,2,2,0,2,0,2,0,2,0,2,0,0,2,0,2,2,0,2,0,2,0,2,0,2,0,0,2,0,2,2,0,2,0,2,0,2,0,0,2,2,0,0,2,0,2,0,2,2,0,2,0,2,0,0,2,0,2,2,0,2,0,2,0,2,0
White perch,2,0,0,2,0,2,2,0,0,2,0,2,2,0,2,0,2,0,0,2,0,2,0,2,2,0,1,1,2,0,2,0,2,0,2,0,2,0,0,2,0,2,0,2,0,2,NA,NA,0,2,2,0,2,0,0,2,0,2,0,2,2,0,2,0,2,0,2,0,2,0,0,2,0,2,2,0,2,0,2,0,2,0,2,0,0,2,0,2,2,0,2,0,2,0,2,0,0,2,2,0,0,2,0,2,0,2,2,0,2,0,2,0,0,2,0,2,2,0,2,0,2,0,2,0
White perch,2,0,0,2,0,2,2,0,0,2,0,2,2,0,2,0,2,0,0,2,0,2,0,2,2,0,1,1,2,0,2,0,2,0,2,0,2,0,0,2,0,2,0,2,0,2,NA,NA,0,2,2,0,2,0,0,2,0,2,0,2,2,0,2,0,2,0,2,0,2,0,0,2,0,2,2,0,2,0,2,0,2,0,2,0,0,2,0,2,2,0,2,0,2,0,2,0,0,2,2,0,0,2,0,2,0,2,2,0,2,0,2,0,0,2,0,2,2,0,2,0,2,0,2,0
White perch,2,0,0,2,0,2,2,0,0,2,0,2,2,0,2,0,2,0,0,2,0,2,0,2,2,0,1,1,2,0,2,0,2,0,2,0,2,0,0,2,0,2,0,2,0,2,NA,NA,0,2,2,0,2,0,0,2,0,2,0,2,2,0,2,0,2,0,2,0,2,0,0,2,0,2,2,0,2,0,2,0,2,0,2,0,0,2,0,2,2,0,2,0,2,0,2,0,0,2,2,0,0,2,0,2,0,2,2,0,2,0,2,0,0,2,0,2,2,0,2,0,2,0,2,0
White perch,2,0,0,2,0,2,2,0,0,2,0,2,2,0,2,0,NA,NA,NA,NA,NA,NA,0,2,2,0,1,1,2,0,2,0,2,0,2,0,2,0,0,2,NA,NA,0,2,0,2,NA,NA,0,2,2,0,2,0,0,2,0,2,0,2,2,0,2,0,2,0,2,0,2,0,0,2,0,2,2,0,2,0,2,0,2,0,2,0,0,2,0,2,2,0,2,0,2,0,2,0,0,2,2,0,0,2,0,2,0,2,2,0,2,0,2,0,0,2,0,2,2,0,2,0,2,0,2,0
White perch,2,0,0,2,0,2,2,0,0,2,0,2,2,0,2,0,2,0,0,2,0,2,0,2,2,0,0,2,2,0,2,0,2,0,2,0,2,0,0,2,0,2,0,2,0,2,NA,NA,0,2,2,0,2,0,0,2,0,2,0,2,2,0,2,0,2,0,2,0,2,0,0,2,0,2,2,0,2,0,2,0,2,0,2,0,0,2,0,2,2,0,2,0,2,0,2,0,0,2,2,0,0,2,0,2,0,2,2,0,2,0,2,0,0,2,0,2,2,0,2,0,2,0,2,0
White perch,2,0,0,2,0,2,2,0,0,2,0,2,2,0,2,0,2,0,0,2,0,2,0,2,2,0,1,1,2,0,2,0,2,0,2,0,2,0,0,2,0,2,0,2,0,2,NA,NA,0,2,2,0,2,0,0,2,0,2,0,2,2,0,2,0,2,0,2,0,2,0,0,2,0,2,2,0,2,0,2,0,2,0,2,0,0,2,0,2,2,0,2,0,2,0,2,0,0,2,2,0,0,2,0,2,0,2,2,0,2,0,2,0,0,2,0,2,2,0,2,0,2,0,2,0
White perch,2,0,0,2,0,2,2,0,0,2,0,2,2,0,2,0,2,0,0,2,0,2,0,2,2,0,0,2,2,0,2,0,2,0,2,0,2,0,0,2,0,2,0,2,0,2,NA,NA,0,2,2,0,2,0,0,2,0,2,0,2,2,0,2,0,2,0,2,0,2,0,0,2,0,2,2,0,2,0,2,0,2,0,2,0,0,2,0,2,2,0,2,0,2,0,2,0,0,2,2,0,0,2,0,2,0,2,2,0,2,0,2,0,0,2,0,2,2,0,2,0,2,0,2,0
White perch,2,0,0,2,0,2,2,0,0,2,0,2,2,0,2,0,2,0,0,2,0,2,0,2,2,0,0,2,2,0,2,0,2,0,2,0,2,0,0,2,0,2,0,2,0,2,NA,NA,0,2,2,0,2,0,0,2,0,2,0,2,2,0,2,0,2,0,2,0,2,0,0,2,0,2,2,0,2,0,2,0,2,0,2,0,0,2,0,2,2,0,2,0,2,0,2,0,0,2,2,0,0,2,0,2,0,2,2,0,2,0,2,0,0,2,0,2,2,0,2,0,2,0,2,0
White perch,2,0,0,2,0,2,2,0,0,2,0,2,2,0,2,0,2,0,0,2,0,2,0,2,2,0,0,2,2,0,2,0,2,0,2,0,2,0,0,2,0,2,0,2,0,2,NA,NA,0,2,2,0,2,0,0,2,0,2,0,2,2,0,2,0,2,0,2,0,2,0,0,2,0,2,2,0,2,0,2,0,2,0,2,0,0,2,0,2,2,0,2,0,2,0,2,0,0,2,2,0,0,2,0,2,0,2,2,0,2,0,2,0,0,2,0,2,2,0,2,0,2,0,2,0
White perch,2,0,0,2,0,2,2,0,0,2,0,2,2,0,2,0,2,0,0,2,0,2,0,2,2,0,1,1,2,0,2,0,2,0,2,0,2,0,0,2,0,2,0,2,0,2,NA,NA,0,2,2,0,2,0,0,2,0,2,0,2,2,0,2,0,2,0,2,0,2,0,0,2,0,2,2,0,2,0,2,0,2,0,2,0,0,2,0,2,2,0,2,0,2,0,2,0,0,2,2,0,0,2,0,2,0,2,2,0,2,0,2,0,0,2,0,2,2,0,2,0,2,0,2,0
White perch,2,0,0,2,0,2,2,0,0,2,0,2,2,0,2,0,2,0,0,2,0,2,0,2,2,0,1,1,2,0,2,0,2,0,2,0,2,0,0,2,0,2,0,2,0,2,NA,NA,0,2,2,0,2,0,0,2,0,2,0,2,2,0,2,0,2,0,2,0,2,0,0,2,0,2,2,0,2,0,2,0,2,0,2,0,0,2,0,2,2,0,2,0,2,0,2,0,0,2,2,0,0,2,0,2,0,2,2,0,2,0,2,0,0,2,0,2,2,0,2,0,2,0,2,0
White perch,2,0,0,2,0,2,2,0,0,2,0,2,2,0,2,0,2,0,0,2,0,2,0,2,2,0,0,2,2,0,2,0,2,0,2,0,2,0,0,2,0,2,0,2,0,2,NA,NA,0,2,2,0,2,0,0,2,0,2,0,2,2,0,2,0,2,0,2,0,2,0,0,2,0,2,2,0,2,0,2,0,2,0,2,0,0,2,0,2,2,0,2,0,2,0,2,0,0,2,2,0,0,2,0,2,0,2,2,0,2,0,2,0,0,2,0,2,2,0,2,0,2,0,2,0
White perch,2,0,0,2,0,2,2,0,0,2,0,2,2,0,2,0,2,0,0,2,0,2,0,2,2,0,1,1,2,0,2,0,2,0,2,0,2,0,0,2,0,2,0,2,0,2,NA,NA,0,2,2,0,2,0,0,2,0,2,0,2,2,0,2,0,2,0,2,0,2,0,0,2,0,2,2,0,2,0,2,0,2,0,2,0,0,2,0,2,2,0,2,0,2,0,2,0,0,2,2,0,0,2,0,2,0,2,2,0,2,0,2,0,0,2,0,2,2,0,2,0,2,0,2,0
White perch,2,0,0,2,0,2,2,0,0,2,0,2,2,0,2,0,2,0,0,2,0,2,0,2,2,0,1,1,2,0,2,0,2,0,2,0,2,0,0,2,0,2,0,2,0,2,NA,NA,0,2,2,0,2,0,0,2,0,2,0,2,2,0,2,0,2,0,2,0,2,0,0,2,0,2,2,0,2,0,2,0,2,0,2,0,0,2,0,2,2,0,2,0,2,0,2,0,0,2,2,0,0,2,0,2,0,2,2,0,2,0,2,0,0,2,0,2,2,0,2,0,2,0,2,0
White perch,2,0,0,2,0,2,2,0,0,2,0,2,2,0,2,0,2,0,0,2,0,2,0,2,2,0,0,2,2,0,2,0,2,0,2,0,2,0,0,2,0,2,0,2,0,2,NA,NA,0,2,2,0,2,0,0,2,0,2,0,2,2,0,2,0,2,0,2,0,2,0,0,2,0,2,2,0,2,0,2,0,2,0,2,0,0,2,0,2,2,0,2,0,2,0,2,0,0,2,2,0,0,2,0,2,0,2,2,0,2,0,2,0,0,2,0,2,2,0,2,0,2,0,2,0
White perch,2,0,0,2,0,2,2,0,0,2,0,2,2,0,2,0,2,0,0,2,0,2,0,2,2,0,0,2,2,0,2,0,2,0,2,0,2,0,0,2,0,2,0,2,0,2,NA,NA,0,2,2,0,2,0,0,2,0,2,0,2,2,0,2,0,2,0,2,0,2,0,0,2,0,2,2,0,2,0,2,0,2,0,2,0,0,2,0,2,2,0,2,0,2,0,2,0,0,2,2,0,0,2,0,2,0,2,2,0,2,0,2,0,0,2,0,2,2,0,2,0,2,0,2,0
White perch,2,0,0,2,0,2,2,0,0,2,0,2,2,0,2,0,2,0,0,2,0,2,0,2,2,0,0,2,2,0,2,0,2,0,2,0,2,0,0,2,0,2,0,2,0,2,NA,NA,0,2,2,0,2,0,0,2,0,2,0,2,2,0,2,0,2,0,2,0,2,0,0,2,0,2,2,0,2,0,2,0,2,0,2,0,0,2,0,2,2,0,2,0,2,0,2,0,0,2,2,0,0,2,0,2,0,2,2,0,2,0,2,0,0,2,0,2,2,0,2,0,2,0,2,0
White perch,2,0,0,2,0,2,2,0,0,2,0,2,2,0,2,0,2,0,0,2,0,2,0,2,2,0,1,1,2,0,2,0,2,0,2,0,2,0,0,2,0,2,0,2,0,2,NA,NA,0,2,2,0,2,0,0,2,0,2,0,2,2,0,2,0,2,0,2,0,2,0,0,2,0,2,2,0,2,0,2,0,2,0,2,0,0,2,0,2,2,0,2,0,2,0,2,0,0,2,2,0,0,2,0,2,0,2,2,0,2,0,2,0,0,2,0,2,2,0,2,0,2,0,2,0
White perch,2,0,0,2,0,2,2,0,0,2,0,2,2,0,2,0,2,0,0,2,0,2,0,2,2,0,1,1,2,0,2,0,2,0,2,0,2,0,0,2,0,2,0,2,0,2,NA,NA,0,2,2,0,2,0,0,2,0,2,0,2,2,0,2,0,2,0,2,0,2,0,0,2,0,2,2,0,2,0,2,0,2,0,2,0,0,2,0,2,2,0,2,0,2,0,2,0,0,2,2,0,0,2,0,2,0,2,2,0,2,0,2,0,0,2,0,2,2,0,2,0,2,0,2,0
Yellow bass,2,0,0,2,0,2,2,0,0,2,0,2,2,0,2,0,2,0,0,2,0,2,0,2,2,0,2,0,2,0,2,0,2,0,2,0,2,0,0,2,0,2,0,2,0,2,NA,NA,2,0,2,0,2,0,0,2,2,0,0,2,2,0,2,0,2,0,2,0,2,0,2,0,0,2,NA,NA,0,2,2,0,2,0,2,0,0,2,0,2,2,0,NA,NA,2,0,2,0,0,2,2,0,0,2,0,2,0,2,2,0,2,0,0,2,0,2,0,2,2,0,2,0,2,0,2,0
Yellow bass,2,0,0,2,0,2,2,0,0,2,0,2,2,0,2,0,2,0,0,2,0,2,0,2,2,0,2,0,2,0,2,0,2,0,2,0,2,0,0,2,0,2,0,2,0,2,NA,NA,2,0,2,0,2,0,0,2,2,0,0,2,2,0,2,0,2,0,2,0,2,0,2,0,0,2,NA,NA,0,2,2,0,2,0,2,0,NA,NA,0,2,2,0,NA,NA,2,0,2,0,0,2,2,0,0,2,0,2,0,2,2,0,2,0,0,2,0,2,0,2,2,0,2,0,2,0,2,0
Yellow bass,2,0,0,2,0,2,2,0,0,2,0,2,2,0,2,0,2,0,0,2,0,2,0,2,2,0,2,0,2,0,2,0,2,0,2,0,2,0,0,2,0,2,0,2,0,2,NA,NA,2,0,2,0,2,0,0,2,2,0,0,2,2,0,2,0,2,0,2,0,2,0,2,0,0,2,NA,NA,0,2,2,0,2,0,2,0,0,2,0,2,2,0,NA,NA,2,0,2,0,0,2,2,0,0,2,0,2,0,2,2,0,2,0,0,2,0,2,0,2,2,0,2,0,2,0,2,0
Yellow bass,2,0,0,2,0,2,2,0,0,2,0,2,2,0,2,0,2,0,0,2,0,2,0,2,2,0,2,0,2,0,2,0,2,0,2,0,2,0,0,2,0,2,0,2,0,2,NA,NA,2,0,2,0,2,0,0,2,2,0,0,2,2,0,2,0,2,0,2,0,2,0,2,0,0,2,NA,NA,0,2,2,0,2,0,2,0,0,2,0,2,2,0,NA,NA,2,0,2,0,0,2,2,0,0,2,0,2,0,2,2,0,2,0,0,2,0,2,0,2,2,0,2,0,2,0,2,0
Yellow bass,2,0,0,2,0,2,2,0,0,2,0,2,2,0,2,0,2,0,0,2,0,2,0,2,2,0,2,0,2,0,2,0,2,0,2,0,2,0,0,2,0,2,0,2,0,2,NA,NA,2,0,2,0,2,0,0,2,2,0,0,2,2,0,2,0,2,0,2,0,2,0,2,0,0,2,NA,NA,0,2,2,0,2,0,2,0,0,2,0,2,2,0,NA,NA,2,0,2,0,0,2,2,0,0,2,0,2,0,2,2,0,2,0,0,2,0,2,0,2,2,0,2,0,2,0,2,0
Yellow bass,2,0,0,2,0,2,2,0,0,2,0,2,2,0,2,0,2,0,0,2,0,2,0,2,2,0,2,0,2,0,2,0,2,0,2,0,2,0,0,2,0,2,0,2,0,2,NA,NA,2,0,2,0,2,0,0,2,2,0,0,2,2,0,2,0,2,0,2,0,2,0,2,0,0,2,NA,NA,0,2,2,0,2,0,2,0,0,2,0,2,2,0,NA,NA,2,0,2,0,0,2,2,0,0,2,0,2,0,2,2,0,2,0,0,2,0,2,0,2,2,0,2,0,2,0,2,0
Yellow bass,2,0,0,2,0,2,2,0,0,2,0,2,2,0,2,0,2,0,0,2,0,2,0,2,2,0,2,0,2,0,2,0,2,0,2,0,2,0,0,2,0,2,0,2,0,2,NA,NA,2,0,2,0,2,0,0,2,2,0,0,2,2,0,2,0,2,0,2,0,2,0,2,0,0,2,NA,NA,0,2,2,0,2,0,2,0,0,2,0,2,2,0,NA,NA,2,0,2,0,0,2,2,0,0,2,0,2,0,2,2,0,2,0,1,1,0,2,0,2,2,0,2,0,2,0,2,0
Yellow bass,2,0,0,2,0,2,2,0,0,2,0,2,2,0,2,0,2,0,0,2,0,2,0,2,2,0,2,0,2,0,2,0,2,0,2,0,2,0,0,2,0,2,0,2,0,2,NA,NA,2,0,2,0,2,0,0,2,2,0,0,2,2,0,2,0,2,0,2,0,2,0,2,0,0,2,NA,NA,0,2,2,0,2,0,2,0,0,2,0,2,2,0,NA,NA,2,0,2,0,0,2,2,0,0,2,0,2,0,2,2,0,2,0,0,2,0,2,0,2,2,0,2,0,2,0,2,0
Yellow bass,2,0,0,2,0,2,2,0,0,2,0,2,2,0,2,0,2,0,0,2,0,2,0,2,2,0,2,0,2,0,2,0,2,0,2,0,2,0,0,2,0,2,0,2,0,2,NA,NA,2,0,2,0,2,0,0,2,2,0,0,2,2,0,2,0,2,0,2,0,2,0,2,0,0,2,2,0,0,2,2,0,2,0,2,0,NA,NA,0,2,2,0,NA,NA,2,0,2,0,0,2,2,0,0,2,0,2,0,2,2,0,2,0,0,2,0,2,0,2,2,0,2,0,2,0,2,0
Yellow bass,2,0,0,2,0,2,2,0,0,2,0,2,2,0,2,0,2,0,0,2,0,2,0,2,2,0,2,0,2,0,2,0,2,0,2,0,2,0,0,2,0,2,0,2,0,2,NA,NA,2,0,2,0,2,0,0,2,2,0,0,2,2,0,2,0,2,0,2,0,2,0,2,0,0,2,NA,NA,0,2,2,0,2,0,2,0,NA,NA,0,2,2,0,2,0,2,0,2,0,0,2,2,0,0,2,0,2,0,2,2,0,2,0,0,2,0,2,0,2,2,0,2,0,2,0,2,0
Yellow bass,2,0,0,2,0,2,2,0,0,2,0,2,2,0,2,0,2,0,0,2,0,2,0,2,2,0,2,0,2,0,2,0,2,0,2,0,2,0,0,2,0,2,0,2,0,2,NA,NA,2,0,2,0,2,0,0,2,2,0,0,2,2,0,2,0,2,0,NA,NA,2,0,2,0,0,2,NA,NA,0,2,2,0,2,0,2,0,0,2,0,2,2,0,NA,NA,2,0,2,0,0,2,2,0,0,2,0,2,0,2,2,0,2,0,0,2,0,2,0,2,2,0,2,0,2,0,2,0
Yellow bass,2,0,0,2,0,2,2,0,0,2,0,2,2,0,2,0,2,0,0,2,0,2,0,2,2,0,2,0,2,0,2,0,2,0,2,0,2,0,0,2,0,2,0,2,0,2,NA,NA,2,0,2,0,2,0,0,2,2,0,0,2,2,0,2,0,2,0,2,0,2,0,2,0,0,2,NA,NA,0,2,2,0,2,0,2,0,0,2,0,2,2,0,2,0,2,0,2,0,0,2,2,0,0,2,0,2,0,2,2,0,2,0,0,2,0,2,0,2,2,0,2,0,2,0,2,0
Yellow bass,2,0,0,2,0,2,2,0,0,2,0,2,2,0,2,0,2,0,0,2,0,2,0,2,2,0,2,0,2,0,2,0,2,0,2,0,2,0,0,2,0,2,0,2,0,2,NA,NA,2,0,2,0,2,0,0,2,2,0,0,2,2,0,2,0,2,0,2,0,2,0,2,0,0,2,NA,NA,0,2,2,0,2,0,2,0,0,2,0,2,2,0,2,0,2,0,2,0,0,2,2,0,0,2,0,2,0,2,2,0,2,0,0,2,0,2,0,2,2,0,2,0,2,0,2,0
Yellow bass,2,0,0,2,0,2,2,0,0,2,0,2,2,0,2,0,2,0,0,2,0,2,0,2,2,0,2,0,2,0,2,0,2,0,2,0,2,0,0,2,0,2,0,2,0,2,NA,NA,2,0,2,0,2,0,0,2,2,0,0,2,2,0,2,0,2,0,2,0,2,0,2,0,0,2,NA,NA,0,2,2,0,2,0,2,0,NA,NA,0,2,2,0,NA,NA,2,0,2,0,0,2,2,0,0,2,0,2,0,2,2,0,2,0,0,2,0,2,0,2,2,0,2,0,2,0,2,0
Yellow bass,2,0,0,2,0,2,2,0,0,2,0,2,2,0,2,0,2,0,0,2,0,2,0,2,2,0,2,0,2,0,2,0,2,0,2,0,2,0,0,2,0,2,0,2,0,2,NA,NA,2,0,2,0,2,0,0,2,2,0,0,2,2,0,2,0,2,0,NA,NA,2,0,2,0,0,2,NA,NA,0,2,2,0,2,0,2,0,0,2,0,2,2,0,NA,NA,2,0,2,0,0,2,2,0,0,2,0,2,0,2,2,0,2,0,0,2,0,2,0,2,2,0,2,0,2,0,2,0
Yellow bass,2,0,0,2,0,2,2,0,0,2,0,2,2,0,2,0,2,0,0,2,0,2,0,2,2,0,2,0,2,0,2,0,2,0,2,0,2,0,0,2,0,2,0,2,0,2,NA,NA,2,0,2,0,2,0,0,2,2,0,0,2,2,0,2,0,2,0,2,0,2,0,2,0,0,2,2,0,1,1,2,0,2,0,2,0,NA,NA,0,2,2,0,NA,NA,2,0,2,0,0,2,2,0,0,2,0,2,0,2,2,0,2,0,0,2,0,2,0,2,2,0,2,0,2,0,2,0
Yellow bass,2,0,0,2,0,2,2,0,0,2,0,2,2,0,2,0,2,0,0,2,0,2,0,2,2,0,2,0,2,0,2,0,2,0,2,0,2,0,0,2,0,2,0,2,0,2,NA,NA,2,0,2,0,2,0,0,2,2,0,0,2,2,0,2,0,2,0,2,0,2,0,2,0,0,2,NA,NA,0,2,2,0,2,0,2,0,NA,NA,0,2,2,0,NA,NA,2,0,2,0,0,2,2,0,0,2,0,2,0,2,2,0,2,0,0,2,0,2,0,2,2,0,2,0,2,0,2,0
Yellow bass,2,0,0,2,0,2,2,0,0,2,0,2,2,0,2,0,2,0,0,2,0,2,0,2,2,0,2,0,2,0,2,0,2,0,2,0,2,0,0,2,0,2,0,2,0,2,NA,NA,2,0,2,0,2,0,0,2,2,0,0,2,2,0,2,0,2,0,2,0,2,0,2,0,0,2,NA,NA,0,2,2,0,2,0,2,0,0,2,0,2,2,0,NA,NA,2,0,2,0,0,2,2,0,0,2,0,2,0,2,2,0,2,0,0,2,0,2,0,2,2,0,2,0,2,0,2,0
Yellow bass,2,0,0,2,0,2,2,0,0,2,0,2,2,0,2,0,2,0,0,2,0,2,0,2,2,0,2,0,2,0,2,0,2,0,2,0,2,0,0,2,0,2,0,2,0,2,NA,NA,2,0,2,0,2,0,0,2,2,0,0,2,2,0,2,0,2,0,2,0,2,0,2,0,0,2,NA,NA,0,2,2,0,2,0,2,0,0,2,0,2,2,0,NA,NA,2,0,2,0,0,2,2,0,0,2,0,2,0,2,2,0,2,0,0,2,0,2,0,2,2,0,2,0,2,0,2,0
Yellow bass,2,0,0,2,0,2,2,0,0,2,0,2,2,0,2,0,2,0,0,2,0,2,0,2,2,0,2,0,2,0,2,0,2,0,2,0,2,0,0,2,0,2,0,2,0,2,NA,NA,2,0,2,0,2,0,0,2,2,0,0,2,2,0,2,0,2,0,NA,NA,2,0,2,0,0,2,2,0,1,1,2,0,2,0,2,0,0,2,0,2,2,0,NA,NA,2,0,2,0,0,2,2,0,0,2,0,2,0,2,2,0,2,0,0,2,0,2,0,2,2,0,2,0,2,0,2,0
Yellow bass,2,0,0,2,0,2,2,0,0,2,0,2,2,0,2,0,2,0,0,2,0,2,0,2,2,0,2,0,2,0,2,0,2,0,2,0,2,0,0,2,0,2,0,2,0,2,NA,NA,2,0,2,0,2,0,0,2,2,0,0,2,2,0,2,0,2,0,2,0,2,0,2,0,0,2,NA,NA,0,2,2,0,2,0,2,0,NA,NA,0,2,2,0,NA,NA,2,0,2,0,0,2,2,0,0,2,0,2,0,2,2,0,2,0,0,2,0,2,0,2,2,0,2,0,2,0,2,0
Yellow bass,2,0,0,2,0,2,2,0,0,2,0,2,2,0,2,0,2,0,0,2,0,2,0,2,2,0,2,0,2,0,2,0,2,0,2,0,2,0,0,2,0,2,0,2,0,2,NA,NA,2,0,2,0,2,0,0,2,2,0,0,2,2,0,2,0,2,0,2,0,2,0,2,0,0,2,NA,NA,0,2,2,0,2,0,2,0,0,2,0,2,2,0,2,0,2,0,2,0,0,2,2,0,0,2,0,2,0,2,2,0,2,0,0,2,0,2,0,2,2,0,2,0,2,0,2,0
Yellow bass,2,0,0,2,0,2,2,0,0,2,0,2,2,0,2,0,2,0,0,2,0,2,0,2,2,0,2,0,2,0,2,0,2,0,2,0,2,0,0,2,0,2,0,2,0,2,NA,NA,2,0,2,0,2,0,0,2,2,0,0,2,2,0,2,0,2,0,2,0,2,0,2,0,0,2,NA,NA,0,2,2,0,2,0,2,0,NA,NA,0,2,2,0,2,0,2,0,2,0,0,2,2,0,0,2,0,2,0,2,2,0,2,0,0,2,0,2,0,2,2,0,2,0,2,0,2,0
Yellow bass,2,0,0,2,0,2,2,0,0,2,0,2,2,0,2,0,2,0,0,2,0,2,0,2,2,0,2,0,2,0,2,0,2,0,2,0,2,0,0,2,0,2,0,2,0,2,NA,NA,2,0,2,0,2,0,0,2,2,0,0,2,2,0,2,0,2,0,2,0,2,0,2,0,0,2,NA,NA,0,2,2,0,2,0,2,0,NA,NA,0,2,2,0,NA,NA,2,0,2,0,0,2,2,0,0,2,0,2,0,2,2,0,2,0,0,2,0,2,0,2,2,0,2,0,2,0,2,0
Yellow bass,2,0,0,2,0,2,2,0,0,2,0,2,2,0,2,0,2,0,0,2,0,2,0,2,2,0,2,0,2,0,2,0,2,0,2,0,2,0,0,2,0,2,0,2,0,2,NA,NA,NA,NA,NA,NA,2,0,0,2,2,0,0,2,2,0,2,0,2,0,2,0,2,0,2,0,0,2,NA,NA,0,2,2,0,2,0,2,0,0,2,0,2,2,0,NA,NA,2,0,2,0,0,2,2,0,0,2,0,2,0,2,2,0,2,0,1,1,0,2,0,2,2,0,2,0,2,0,2,0
Yellow bass,2,0,0,2,0,2,2,0,0,2,0,2,2,0,2,0,2,0,0,2,0,2,0,2,2,0,2,0,2,0,2,0,2,0,2,0,2,0,0,2,0,2,0,2,0,2,NA,NA,2,0,2,0,2,0,0,2,2,0,0,2,2,0,2,0,2,0,2,0,2,0,2,0,0,2,NA,NA,0,2,2,0,2,0,2,0,0,2,0,2,2,0,2,0,2,0,2,0,0,2,2,0,0,2,0,2,0,2,2,0,2,0,0,2,0,2,0,2,2,0,2,0,2,0,2,0
Yellow bass,2,0,0,2,0,2,2,0,0,2,0,2,2,0,2,0,2,0,0,2,0,2,0,2,2,0,2,0,2,0,2,0,2,0,2,0,2,0,0,2,0,2,0,2,0,2,2,0,2,0,2,0,2,0,0,2,2,0,0,2,2,0,2,0,2,0,2,0,2,0,2,0,0,2,NA,NA,0,2,2,0,2,0,2,0,0,2,0,2,2,0,NA,NA,2,0,2,0,0,2,2,0,0,2,0,2,0,2,2,0,2,0,0,2,0,2,0,2,2,0,2,0,2,0,2,0
Yellow bass,2,0,0,2,0,2,2,0,0,2,0,2,2,0,2,0,2,0,0,2,0,2,0,2,2,0,2,0,2,0,2,0,2,0,2,0,2,0,0,2,0,2,0,2,0,2,NA,NA,2,0,2,0,2,0,0,2,2,0,0,2,2,0,2,0,2,0,2,0,2,0,2,0,0,2,NA,NA,0,2,2,0,2,0,2,0,NA,NA,0,2,2,0,NA,NA,2,0,2,0,0,2,2,0,0,2,0,2,0,2,2,0,2,0,0,2,0,2,0,2,2,0,2,0,2,0,2,0
Yellow bass,2,0,0,2,0,2,2,0,0,2,0,2,2,0,2,0,2,0,0,2,0,2,0,2,2,0,2,0,2,0,2,0,2,0,2,0,2,0,0,2,0,2,0,2,0,2,NA,NA,2,0,2,0,2,0,0,2,2,0,0,2,2,0,2,0,2,0,NA,NA,2,0,2,0,0,2,NA,NA,0,2,2,0,2,0,2,0,NA,NA,0,2,2,0,NA,NA,2,0,2,0,0,2,2,0,0,2,0,2,0,2,2,0,2,0,0,2,0,2,0,2,2,0,2,0,2,0,2,0
Yellow bass,2,0,0,2,0,2,2,0,0,2,0,2,2,0,2,0,2,0,0,2,0,2,0,2,2,0,2,0,2,0,2,0,2,0,2,0,2,0,0,2,0,2,0,2,0,2,NA,NA,2,0,2,0,2,0,0,2,2,0,0,2,2,0,2,0,2,0,2,0,2,0,2,0,0,2,NA,NA,0,2,2,0,2,0,2,0,NA,NA,0,2,2,0,NA,NA,2,0,2,0,0,2,2,0,0,2,0,2,0,2,2,0,2,0,0,2,0,2,0,2,2,0,2,0,2,0,2,0
Yellow bass,2,0,0,2,0,2,2,0,0,2,0,2,2,0,2,0,2,0,0,2,0,2,0,2,2,0,2,0,2,0,2,0,2,0,2,0,2,0,0,2,0,2,0,2,0,2,NA,NA,2,0,2,0,2,0,0,2,2,0,0,2,2,0,2,0,2,0,NA,NA,2,0,2,0,0,2,NA,NA,0,2,2,0,2,0,2,0,NA,NA,0,2,2,0,NA,NA,2,0,2,0,0,2,2,0,0,2,0,2,0,2,2,0,2,0,0,2,0,2,0,2,2,0,2,0,2,0,2,0
Yellow bass,2,0,0,2,0,2,2,0,0,2,0,2,2,0,2,0,2,0,0,2,0,2,0,2,2,0,2,0,2,0,2,0,2,0,2,0,2,0,0,2,0,2,0,2,0,2,NA,NA,2,0,2,0,2,0,0,2,2,0,0,2,2,0,2,0,2,0,2,0,2,0,2,0,0,2,NA,NA,0,2,2,0,2,0,2,0,0,2,0,2,2,0,NA,NA,2,0,2,0,0,2,2,0,0,2,0,2,0,2,2,0,2,0,0,2,0,2,0,2,2,0,2,0,2,0,2,0
Yellow bass,2,0,0,2,0,2,2,0,0,2,0,2,2,0,2,0,2,0,0,2,0,2,0,2,2,0,2,0,2,0,2,0,2,0,2,0,2,0,0,2,0,2,0,2,0,2,NA,NA,2,0,2,0,2,0,0,2,2,0,0,2,2,0,2,0,2,0,2,0,2,0,2,0,0,2,NA,NA,0,2,2,0,2,0,2,0,0,2,0,2,2,0,NA,NA,2,0,2,0,0,2,2,0,0,2,0,2,0,2,2,0,2,0,0,2,0,2,0,2,2,0,2,0,2,0,2,0
Yellow bass,2,0,0,2,0,2,2,0,0,2,0,2,2,0,2,0,2,0,0,2,0,2,0,2,2,0,2,0,2,0,2,0,2,0,2,0,2,0,0,2,0,2,0,2,0,2,NA,NA,NA,NA,NA,NA,2,0,0,2,2,0,0,2,2,0,2,0,2,0,NA,NA,2,0,2,0,0,2,2,0,1,1,2,0,2,0,2,0,0,2,0,2,2,0,2,0,2,0,2,0,0,2,2,0,0,2,0,2,0,2,2,0,2,0,0,2,0,2,0,2,2,0,2,0,2,0,2,0
Yellow bass,2,0,0,2,0,2,2,0,0,2,0,2,2,0,2,0,2,0,0,2,0,2,0,2,2,0,2,0,2,0,2,0,2,0,2,0,2,0,0,2,0,2,0,2,0,2,NA,NA,2,0,2,0,2,0,0,2,2,0,0,2,2,0,2,0,2,0,NA,NA,2,0,2,0,0,2,NA,NA,0,2,2,0,2,0,2,0,0,2,0,2,2,0,NA,NA,2,0,2,0,0,2,2,0,0,2,0,2,0,2,2,0,2,0,1,1,0,2,0,2,2,0,2,0,2,0,2,0
Yellow bass,2,0,0,2,0,2,2,0,0,2,0,2,2,0,2,0,2,0,0,2,0,2,0,2,2,0,2,0,2,0,2,0,2,0,2,0,2,0,0,2,0,2,0,2,0,2,NA,NA,2,0,2,0,2,0,0,2,2,0,0,2,2,0,2,0,2,0,2,0,2,0,2,0,0,2,NA,NA,0,2,2,0,2,0,2,0,0,2,0,2,2,0,NA,NA,2,0,2,0,0,2,2,0,0,2,0,2,0,2,2,0,2,0,0,2,0,2,0,2,2,0,2,0,2,0,2,0
Yellow bass,2,0,0,2,0,2,2,0,0,2,0,2,2,0,2,0,2,0,0,2,0,2,0,2,2,0,2,0,2,0,2,0,2,0,2,0,2,0,0,2,0,2,0,2,0,2,NA,NA,2,0,2,0,2,0,0,2,2,0,0,2,2,0,2,0,2,0,2,0,2,0,2,0,0,2,NA,NA,0,2,2,0,2,0,2,0,NA,NA,0,2,2,0,NA,NA,2,0,2,0,0,2,2,0,0,2,0,2,0,2,2,0,2,0,0,2,0,2,0,2,2,0,2,0,2,0,2,0
Yellow bass,2,0,0,2,0,2,2,0,0,2,0,2,2,0,2,0,2,0,0,2,0,2,0,2,2,0,2,0,2,0,2,0,2,0,2,0,2,0,0,2,0,2,0,2,0,2,NA,NA,2,0,2,0,2,0,0,2,2,0,0,2,2,0,2,0,2,0,NA,NA,2,0,2,0,0,2,NA,NA,0,2,2,0,2,0,2,0,0,2,0,2,2,0,NA,NA,2,0,2,0,0,2,2,0,0,2,0,2,0,2,2,0,2,0,0,2,0,2,0,2,2,0,2,0,2,0,2,0
Yellow bass,2,0,0,2,0,2,2,0,0,2,0,2,2,0,2,0,2,0,0,2,0,2,0,2,2,0,2,0,2,0,2,0,2,0,2,0,2,0,0,2,0,2,0,2,0,2,NA,NA,2,0,2,0,2,0,0,2,2,0,0,2,2,0,2,0,2,0,NA,NA,2,0,2,0,0,2,NA,NA,0,2,2,0,2,0,2,0,0,2,0,2,2,0,NA,NA,2,0,2,0,0,2,2,0,0,2,0,2,0,2,2,0,2,0,0,2,0,2,0,2,2,0,2,0,2,0,2,0
Yellow bass,2,0,0,2,0,2,2,0,0,2,0,2,2,0,2,0,2,0,0,2,0,2,0,2,2,0,2,0,2,0,2,0,2,0,2,0,2,0,0,2,0,2,0,2,0,2,NA,NA,2,0,2,0,2,0,0,2,2,0,0,2,2,0,2,0,2,0,2,0,2,0,2,0,0,2,NA,NA,0,2,2,0,2,0,2,0,NA,NA,0,2,2,0,NA,NA,2,0,2,0,0,2,2,0,0,2,0,2,0,2,2,0,2,0,0,2,0,2,0,2,2,0,2,0,2,0,2,0
Yellow bass,2,0,0,2,0,2,2,0,0,2,0,2,2,0,2,0,2,0,0,2,0,2,0,2,2,0,2,0,2,0,2,0,2,0,2,0,2,0,0,2,0,2,0,2,0,2,NA,NA,2,0,2,0,2,0,0,2,2,0,0,2,2,0,2,0,2,0,2,0,2,0,2,0,0,2,NA,NA,0,2,2,0,2,0,2,0,NA,NA,0,2,2,0,NA,NA,2,0,2,0,0,2,2,0,0,2,0,2,0,2,2,0,2,0,0,2,0,2,0,2,2,0,2,0,2,0,2,0
Yellow bass,2,0,0,2,0,2,2,0,0,2,0,2,2,0,2,0,2,0,0,2,0,2,0,2,2,0,2,0,2,0,2,0,2,0,2,0,2,0,0,2,0,2,0,2,0,2,2,0,2,0,2,0,2,0,0,2,2,0,0,2,2,0,2,0,2,0,2,0,2,0,2,0,0,2,NA,NA,0,2,2,0,2,0,2,0,0,2,0,2,2,0,2,0,2,0,2,0,0,2,2,0,0,2,0,2,0,2,2,0,2,0,0,2,0,2,0,2,2,0,2,0,2,0,2,0
Yellow bass,2,0,0,2,0,2,2,0,0,2,0,2,2,0,2,0,2,0,0,2,0,2,0,2,2,0,2,0,2,0,2,0,2,0,2,0,2,0,0,2,0,2,0,2,0,2,NA,NA,2,0,2,0,2,0,0,2,2,0,0,2,2,0,2,0,2,0,2,0,2,0,2,0,0,2,NA,NA,0,2,2,0,2,0,2,0,NA,NA,0,2,2,0,NA,NA,2,0,2,0,0,2,2,0,0,2,0,2,0,2,2,0,2,0,0,2,0,2,0,2,2,0,2,0,2,0,2,0
Yellow bass,2,0,0,2,0,2,2,0,0,2,0,2,2,0,2,0,2,0,0,2,0,2,0,2,2,0,2,0,2,0,2,0,2,0,2,0,2,0,0,2,0,2,0,2,0,2,NA,NA,NA,NA,2,0,2,0,0,2,2,0,0,2,2,0,2,0,2,0,NA,NA,2,0,2,0,0,2,NA,NA,0,2,2,0,2,0,2,0,0,2,0,2,2,0,NA,NA,2,0,2,0,0,2,2,0,0,2,0,2,0,2,2,0,2,0,0,2,0,2,0,2,2,0,2,0,2,0,2,0
Yellow bass,2,0,0,2,0,2,2,0,0,2,0,2,2,0,2,0,2,0,0,2,0,2,0,2,2,0,2,0,2,0,2,0,2,0,2,0,2,0,0,2,0,2,0,2,0,2,NA,NA,2,0,2,0,2,0,0,2,2,0,0,2,2,0,2,0,2,0,2,0,2,0,2,0,0,2,NA,NA,0,2,2,0,2,0,2,0,0,2,0,2,2,0,NA,NA,2,0,2,0,0,2,2,0,0,2,0,2,0,2,2,0,2,0,0,2,0,2,0,2,2,0,2,0,2,0,2,0
Yellow bass,2,0,0,2,0,2,2,0,0,2,0,2,2,0,2,0,2,0,0,2,0,2,0,2,2,0,2,0,2,0,2,0,2,0,2,0,2,0,0,2,0,2,0,2,0,2,NA,NA,2,0,2,0,2,0,0,2,2,0,0,2,2,0,2,0,2,0,2,0,2,0,2,0,0,2,NA,NA,0,2,2,0,2,0,2,0,0,2,0,2,2,0,NA,NA,2,0,2,0,0,2,2,0,0,2,0,2,0,2,2,0,2,0,0,2,0,2,0,2,2,0,2,0,2,0,2,0
Yellow bass,2,0,0,2,0,2,2,0,0,2,0,2,2,0,2,0,2,0,0,2,0,2,0,2,2,0,2,0,2,0,2,0,2,0,2,0,2,0,0,2,0,2,0,2,0,2,NA,NA,2,0,2,0,2,0,0,2,2,0,0,2,2,0,2,0,2,0,2,0,2,0,2,0,0,2,2,0,1,1,2,0,2,0,2,0,NA,NA,0,2,2,0,NA,NA,2,0,2,0,0,2,2,0,0,2,0,2,0,2,2,0,2,0,0,2,0,2,0,2,2,0,2,0,2,0,2,0
Yellow bass,2,0,0,2,0,2,2,0,0,2,0,2,2,0,2,0,2,0,0,2,0,2,0,2,2,0,2,0,2,0,2,0,2,0,2,0,2,0,0,2,0,2,0,2,0,2,NA,NA,2,0,2,0,2,0,0,2,2,0,0,2,2,0,2,0,2,0,2,0,2,0,2,0,NA,NA,NA,NA,0,2,2,0,2,0,2,0,NA,NA,0,2,2,0,NA,NA,2,0,2,0,0,2,2,0,0,2,0,2,0,2,2,0,2,0,0,2,0,2,0,2,2,0,2,0,2,0,2,0
Yellow bass,2,0,0,2,0,2,2,0,0,2,0,2,2,0,2,0,2,0,0,2,0,2,0,2,2,0,2,0,2,0,2,0,2,0,2,0,2,0,0,2,0,2,0,2,0,2,NA,NA,2,0,2,0,2,0,0,2,2,0,0,2,2,0,2,0,2,0,2,0,2,0,2,0,0,2,NA,NA,0,2,2,0,2,0,2,0,0,2,0,2,2,0,NA,NA,2,0,2,0,0,2,2,0,0,2,0,2,0,2,2,0,2,0,0,2,0,2,0,2,2,0,2,0,2,0,2,0
Yellow bass,2,0,0,2,0,2,2,0,0,2,0,2,2,0,2,0,2,0,0,2,0,2,0,2,2,0,2,0,2,0,2,0,2,0,2,0,2,0,0,2,0,2,0,2,0,2,NA,NA,2,0,2,0,2,0,0,2,2,0,0,2,2,0,2,0,2,0,2,0,2,0,2,0,0,2,NA,NA,0,2,2,0,2,0,2,0,NA,NA,0,2,2,0,NA,NA,2,0,2,0,0,2,2,0,0,2,0,2,0,2,2,0,2,0,0,2,0,2,0,2,2,0,2,0,2,0,2,0
